Global_Sales,Critic_Score,User_Score
high,76,8
high,82,8.3
high,80,8
high,89,8.5
high,58,6.6
high,87,8.4
high,91,8.6
high,80,7.7
high,61,6.3
high,80,7.4
high,97,8.2
high,95,9
high,77,7.9
high,97,8.1
high,95,8.7
high,77,7.1
high,95,8.4
high,88,3.4
high,87,6.3
high,83,5.3
high,83,4.8
high,94,6.3
high,88,3.2
high,97,8.5
high,93,8.9
high,85,8.2
high,88,6.4
high,97,8.3
high,86,8.7
high,94,7.8
high,89,8.5
high,97,8.9
high,98,7.9
high,96,8.7
high,90,8.4
high,84,7.5
high,94,6.3
high,98,7.5
high,73,2.6
high,74,7.8
high,78,7.2
high,91,7.9
high,92,9.2
high,87,7
high,93,9
high,74,7.3
high,71,2.6
high,94,8.4
high,88,8.7
high,72,7.8
high,96,8.4
high,82,4.3
high,95,8.2
high,68,7.4
high,62,6.3
high,88,6.6
high,92,8.7
high,90,8.6
high,83,8.5
high,88,7.6
high,83,5.7
high,85,5
high,97,9.1
high,84,7.6
high,84,7.4
high,85,8.6
high,49,8
high,85,7.5
high,87,6.5
high,96,9.1
high,95,9
high,91,8.9
high,88,9.1
high,82,8.6
high,88,8.5
high,74,7.3
high,93,7.7
high,92,8.3
high,94,8.4
high,96,8.8
high,74,7.4
high,95,8.8
high,86,4.3
high,85,6.9
high,87,8.6
high,97,8.6
high,92,6.4
high,76,9
high,85,8.8
high,83,7.1
high,95,9
high,87,8.1
high,91,7.8
high,73,7.4
high,94,8.3
high,82,5.7
high,96,8.7
high,94,9.4
high,94,8.7
high,92,7.6
high,95,9.1
high,95,6.8
high,89,9.2
high,87,8.8
high,89,8.9
high,76,6.1
high,80,8.9
high,67,7.2
high,91,8.6
high,81,7.7
high,92,8
high,84,7.8
high,81,8.7
high,96,8.6
high,97,7.9
high,93,8.3
high,66,7.1
high,85,7.6
high,93,7.9
high,83,7.3
high,94,8.9
high,84,6.7
high,85,6.6
high,81,5.4
high,90,8.8
high,94,8.5
high,84,8.1
high,89,8.8
high,85,8.6
high,90,6.1
high,68,7.6
high,92,8.5
high,80,6.5
high,84,7.5
high,90,8
high,89,8
high,91,9
high,86,8
high,92,9.2
high,82,8.2
high,68,7.1
high,93,8.5
high,88,8.1
high,88,8
high,81,7.3
high,92,8.7
high,88,9
high,80,5.4
high,62,7.7
high,94,8.7
high,98,7.7
high,82,8.2
high,91,8.6
high,73,7.6
high,86,8.1
high,86,8.4
high,86,8.4
high,91,8.2
high,91,7.9
high,85,7.9
high,84,8.2
high,84,6.4
high,76,7.9
high,77,3.4
high,94,8.9
high,81,8.5
high,77,7.9
high,97,7.5
high,86,8.9
high,94,8.7
high,82,9.1
high,56,8.3
high,86,8.1
high,87,9
high,93,9
high,89,6.5
high,79,7.3
high,91,8.9
high,91,9.3
high,80,7.5
high,88,6.2
high,84,4.2
high,85,8.7
high,80,7.8
high,80,7.5
high,80,7.1
high,80,7.2
high,94,7.3
high,95,7.7
high,88,8.4
high,93,8.9
high,84,8.1
high,90,8.3
high,56,6
high,80,6.3
high,85,8.5
high,85,7.7
high,89,8.6
high,92,9.2
high,70,4.9
high,87,7.6
high,93,8
high,90,8
high,84,8.8
high,81,8.7
high,90,8.7
high,86,8.7
high,87,6.7
high,88,8.6
high,84,7.4
high,91,9.1
high,76,7.9
high,78,3.7
high,59,4
high,80,7
high,68,6.9
high,77,7.5
high,64,7.5
high,85,7.9
high,91,8.8
high,88,8.1
high,81,7.6
high,94,8.5
high,67,7.3
high,74,8.4
high,82,7.9
high,90,8.7
high,82,7.9
high,96,8.9
high,86,7.6
high,91,7.6
high,82,8.7
high,64,7.7
high,85,6.9
high,84,9
high,70,8
high,78,7.8
high,72,6.8
high,72,7.9
high,88,7.5
high,89,7.9
high,72,4.1
high,83,7.5
high,89,8.3
high,84,6.4
high,80,5.8
high,92,8.7
high,79,5.6
high,88,8.6
high,71,8.8
high,83,8.4
high,84,8.2
high,79,8.3
high,70,8
high,93,8.2
high,80,8.9
high,88,6.7
high,91,8.4
high,68,8.2
high,76,6.8
high,76,7.9
high,75,5.5
high,90,8.5
high,77,8.5
high,60,7.2
high,87,7.8
high,80,8.5
high,86,7.9
high,85,8.7
high,82,7.5
high,77,8
high,86,9.2
high,84,4.4
high,63,4.6
high,83,5.9
high,81,7.7
high,85,7.2
high,88,8.7
high,91,8.6
high,62,8.1
high,83,8
high,82,7.6
high,89,7.7
high,89,9.1
high,83,6.5
high,87,9
high,73,6.8
high,82,8.5
high,83,9
high,82,7.8
high,81,7.8
high,93,8
high,91,8.9
high,74,5.4
high,96,8.9
high,67,7.9
high,94,7.9
high,74,7.9
high,66,6.9
high,89,8.2
high,72,8
high,75,7.4
high,93,5.8
high,87,7.7
high,81,8.1
high,93,8.5
high,87,6.3
high,91,8.1
high,91,8.6
high,73,7
high,88,7.2
high,73,9.2
high,93,9.1
high,94,8.5
high,84,8.1
high,64,7.8
high,85,7.8
high,86,6.4
high,88,8.5
high,87,9
high,79,7.8
high,93,7.3
high,85,8.3
high,76,8.8
high,78,4.3
high,91,8.7
high,73,8.6
high,93,9
high,67,6.8
high,85,8.9
high,61,5.3
high,76,7.7
high,83,7.4
high,81,5.8
high,87,8.7
high,83,7.8
high,84,8.4
high,85,6.1
high,96,8.9
high,90,8.2
high,75,7.5
high,80,7.9
high,89,8.6
high,87,8.2
high,89,7.2
high,81,5.6
high,83,7.7
high,83,7.7
high,84,7.9
high,73,6.7
high,81,7.4
high,84,7.6
high,79,7.4
high,69,6.6
high,95,9.1
high,86,8.2
high,89,7.8
high,82,6.5
high,78,5.9
high,84,9
high,73,6.8
high,84,5.7
high,93,9.1
high,79,7.7
high,83,8.7
high,77,8.2
high,92,8.6
high,85,8.5
high,85,6.3
high,84,5.5
high,89,7.7
high,84,6.9
high,71,7.9
high,79,6.6
high,78,7.8
high,80,8
high,90,8.2
high,82,7.2
high,90,7.7
high,90,7.5
high,74,6.7
high,71,7.6
high,91,8.7
high,84,8.1
high,79,8
high,87,7.5
high,73,7.7
high,80,8.6
high,80,7.4
high,78,7.8
high,72,8.7
high,83,5.5
high,86,7.9
high,87,7.8
high,83,7
high,80,7.9
high,75,8
high,87,4.9
high,78,7
high,50,5.4
high,82,7.5
high,79,8.8
high,25,4.3
high,92,8.6
high,85,7.7
high,92,8.2
high,90,8
high,82,7.7
high,87,6.1
high,83,7
high,83,8.2
high,82,8.2
high,81,8.4
high,79,8
high,78,3.1
high,84,6.1
high,82,7.8
high,73,7.9
high,66,8.2
high,77,6.8
high,82,8.4
high,62,6.2
high,82,8.1
high,91,8.7
high,83,6.1
high,71,6.9
high,62,7.6
high,85,6.4
high,83,8.8
high,42,5.5
high,85,6.8
high,81,8.5
high,73,2.9
high,71,7.2
high,89,9
high,78,6.6
high,84,8.4
high,86,6.2
high,66,6.5
high,84,9.1
high,86,8.5
high,75,5.6
high,76,7.7
high,80,6.7
high,77,8.7
high,78,6.7
high,82,6.9
high,72,7.2
high,76,7.1
high,68,8.2
high,71,6.6
high,81,8.9
high,88,8.9
high,80,8.6
high,76,6.3
high,87,8.2
high,84,9
high,79,5.5
high,80,7.5
high,83,7.8
high,87,8.1
high,74,5.7
high,69,6.7
high,77,7.9
high,74,8
high,79,8
high,80,5.6
high,91,8.2
high,92,8.8
high,84,8.6
high,80,7.6
high,73,7.3
high,71,6.6
high,92,8.1
high,79,5.9
high,92,8.3
high,88,7
high,80,7.9
high,88,8.2
high,94,9.2
high,81,6.1
high,80,6.6
high,81,7.5
high,82,8.9
high,82,5.4
high,80,6.9
high,82,6.3
high,79,7.6
high,66,7.3
high,69,7.6
high,90,6.1
high,83,7.5
high,64,7.5
high,77,9
high,87,7.8
high,62,5.2
high,85,8.2
high,90,6.7
high,89,8.5
high,78,9.3
high,84,4.9
high,81,8.9
high,84,8.7
high,73,5
high,86,8.3
high,83,7.9
high,84,9
high,89,8.1
high,74,7.9
high,85,7.6
high,44,6.2
high,77,7.1
high,80,6.3
high,95,8.5
high,64,7.1
high,72,7.8
high,49,5.2
high,73,7.1
high,71,6.1
high,83,7.9
high,89,8.9
high,88,9.2
high,82,8.6
high,92,8.8
high,72,7.1
high,59,5.9
high,72,9
high,82,8.2
high,73,6
high,78,8.9
high,86,8.2
high,48,3.3
high,86,7.7
high,89,8.1
high,73,7.7
high,62,8.1
high,89,8.7
high,70,7.7
high,81,6.6
high,92,9.1
high,64,6.4
high,89,7.4
high,88,8.8
high,76,7.1
high,71,5.7
high,87,8.8
high,76,7.9
high,75,7.8
high,80,7.6
high,80,6.2
high,56,4.1
high,68,6.6
high,81,8.7
high,85,8.4
high,88,8.3
high,69,7.7
high,67,5
high,93,8.6
high,90,8.8
high,80,8.9
high,71,8.1
high,87,7.7
high,78,6.4
high,87,8
high,77,8.9
high,83,7.6
high,63,8.3
high,93,8.5
high,79,8.5
high,72,7.5
high,86,6
high,88,8
high,57,6.3
high,80,9.2
high,92,7.4
high,84,7.5
high,83,6.5
high,86,6.4
high,79,7.1
high,69,7.8
high,70,7.8
high,85,4.4
high,74,7.5
high,29,4.6
high,81,8.5
high,88,6.7
high,49,6.6
high,76,4.1
high,78,9.1
high,86,6.7
high,71,8.5
high,74,8.4
high,71,7.9
high,70,7.4
high,73,6.5
high,94,8.1
high,84,8.6
high,76,7.9
high,87,7.8
high,82,7.9
high,80,4.5
high,87,8.5
high,67,8.3
high,80,8.8
high,70,7.5
high,83,8.4
high,72,6
high,89,8.9
high,96,8.9
high,82,8.2
high,94,8
high,68,5.1
high,88,9
high,83,8.3
high,80,6
high,89,7.6
high,87,7.9
high,75,7.3
high,90,8.9
high,85,8.5
high,57,7.6
high,47,6.6
high,87,8.6
high,75,7.4
high,76,7.7
high,84,8.1
high,75,9
high,91,9.3
high,83,8.9
high,84,6.1
high,71,5.7
high,70,8.2
high,84,8
high,80,9.1
high,82,4.9
high,83,8
high,81,7.1
high,83,8
high,65,6.8
high,55,6.2
high,83,8.7
high,55,3.5
high,78,8.3
high,63,6.6
high,92,8.9
high,54,6.5
high,78,8.1
high,78,7.9
high,79,7.1
high,61,5.4
high,82,6.3
high,91,7.6
high,80,7.7
high,88,7.9
high,89,8.9
high,84,9.1
high,83,8.7
high,20,1.9
high,95,8.4
high,87,8.6
high,71,4.5
high,82,8.8
high,94,8.5
high,64,7.1
high,53,6.9
high,64,5.9
high,78,8.5
high,82,7.9
high,92,9.1
high,67,8.5
high,73,7.9
high,93,9.1
high,90,6.8
high,83,8.9
high,87,8.3
high,87,7.9
high,84,7.8
high,94,8.8
high,83,7.9
high,71,9
high,79,8.2
high,44,8
high,93,8.3
high,78,8.7
high,83,9.2
high,81,6.5
high,83,8.3
high,79,7.2
high,72,8.4
high,89,8.8
high,77,8.5
high,56,6.7
high,77,6.3
high,79,8.3
high,68,7.2
high,72,7.6
high,88,8.9
high,83,8.5
high,82,7.5
high,92,9.1
high,70,8.1
high,89,8.8
high,90,8.8
high,88,8.8
high,86,7.8
high,84,8
high,74,3.1
high,83,7.7
high,92,8.4
high,80,7.9
high,77,8.7
high,81,6.7
high,69,8
high,81,8
high,86,9.2
high,83,7.5
high,85,6.7
high,74,6.1
high,53,6.7
high,75,8.2
high,69,6.8
high,85,7.9
high,76,8.2
high,76,7.6
high,66,6.5
high,84,8.2
high,78,6.8
high,90,8.7
high,79,5.4
high,78,5.8
high,72,8
high,80,6.4
high,55,8.6
high,84,8.5
high,79,6.8
high,84,8.1
high,83,8.5
high,38,5.7
high,54,9
high,73,7
high,71,5.7
high,86,8.5
high,79,8
high,74,8.7
high,89,6.9
high,79,8.1
high,74,7.8
high,88,8.2
high,80,8.2
high,69,8.1
high,90,8
high,87,8.6
high,64,7.8
high,82,6.7
high,89,7.9
high,75,7.6
high,38,5
high,83,8.9
high,88,7.6
high,73,7.8
high,76,8.1
high,90,8.6
high,68,8.2
high,69,7.3
high,85,8.6
high,80,6.9
high,76,8.9
high,84,8.3
high,91,7.7
high,63,6.8
high,91,7.9
high,81,6.9
high,67,7
high,79,6.9
high,75,7.7
high,85,6.6
high,57,6.9
high,60,7.8
high,83,7.8
high,68,5.5
high,65,7.1
high,82,7.4
high,85,9
high,75,7.8
high,93,8.6
high,79,7.2
high,86,8.8
high,84,8.4
high,81,8.2
high,85,7.9
high,83,7.7
high,70,6
high,85,8.6
high,73,7.8
high,71,8.3
high,94,8.5
high,59,6.9
high,85,6.5
high,73,7.5
high,74,6.5
high,71,6.8
high,88,8.2
high,91,8.6
high,61,5.7
high,77,7.9
high,71,6.8
high,52,5
high,65,7.6
high,84,8.6
high,63,7.5
high,64,7.8
high,94,8.7
high,93,5.5
high,59,7.8
high,89,9
high,80,8.9
high,89,8.4
high,81,8.7
high,80,7.9
high,76,7.9
high,77,7.3
high,85,7.2
high,55,6
high,79,8.5
high,87,6.6
high,91,8.4
high,87,8.4
high,87,8.1
high,79,7.5
high,83,8.6
high,89,8.7
high,72,6.1
high,88,8.2
high,79,8.4
high,86,7.7
high,86,8.2
high,88,8
high,69,8.8
high,81,7.9
high,85,6.4
high,64,6.1
high,77,7.8
high,60,6.1
high,86,7.3
high,86,8
high,77,8.3
high,81,8.1
high,60,6.7
high,77,8.4
high,89,8.3
high,81,6.1
high,80,5.8
high,89,8.2
high,86,8.6
high,65,6.9
high,80,6.7
high,78,7.1
high,80,8.9
high,68,6
high,75,7.8
high,83,5.9
high,73,8.9
high,76,8.1
high,63,6.3
high,60,9.3
high,88,6.9
high,87,8
high,82,8
high,73,8.7
high,84,6.2
high,79,7.4
high,84,8.9
high,82,7.9
high,73,7.4
high,84,8
high,81,7.9
high,79,6.5
high,84,7.5
high,92,8.9
high,84,7.3
high,88,7.4
high,74,6.9
high,84,7.8
high,71,8.6
high,74,8.4
high,79,7.1
high,73,8.2
high,84,8.1
high,90,8.6
high,83,8.1
high,57,6.5
high,74,7.3
high,83,5.7
high,93,8.3
high,84,6.7
high,93,7.4
high,73,7.5
high,74,8.5
high,81,6.2
high,79,8
high,69,7.4
high,91,9.2
high,61,7.3
high,78,7.8
high,94,7.2
high,89,8.6
high,63,6
high,78,8.5
high,80,6.6
high,78,8.3
high,80,7
high,78,6.1
high,68,8.2
high,75,7.7
high,85,7.2
high,49,6.2
high,67,5.9
high,56,5
high,75,8.6
high,74,7.8
high,79,7.9
high,72,7.5
high,66,7.6
high,77,8.4
high,85,8.4
high,73,7.4
high,76,8.3
high,67,7.3
high,89,8.9
high,93,9.4
high,73,7.2
high,69,7.2
high,91,8.1
high,83,8.7
high,59,6.3
high,77,8.9
high,84,7.2
high,85,9.1
high,75,6.2
high,75,8.5
high,30,2
high,86,8.6
high,71,6.3
high,69,6.3
high,78,8
high,85,8.5
high,80,4.9
high,79,8.1
high,68,5.8
high,59,7.7
high,75,7.2
high,65,8.9
high,86,8
high,76,6.3
high,68,7.4
high,63,6.9
high,83,8.5
high,79,8.4
high,86,7.6
high,69,8.8
high,52,6.2
high,87,8.6
high,81,8.9
high,52,6.8
high,87,8.3
high,85,9
high,78,7.7
high,78,6.9
high,76,7.8
high,61,8.1
high,79,7.7
high,76,6.4
high,32,4.6
high,83,5.9
high,91,8.8
high,70,8.1
high,57,5.5
high,63,7.2
high,80,8.5
high,76,8.3
high,80,9.1
high,70,6.7
high,75,7.3
high,63,7.7
high,82,7.8
high,78,8.2
high,63,7.5
high,86,9.5
high,89,8.3
high,89,7.8
high,84,8.7
high,71,8.4
high,70,6.9
high,73,7.8
high,85,7.7
high,69,8.5
high,85,8.1
high,86,8.6
high,73,7.4
high,86,9
high,76,8.3
high,75,7.6
high,71,5.1
high,87,7.7
high,85,8.6
high,59,5.1
high,73,8.2
high,78,8.4
high,82,7.1
high,65,7.1
high,70,7
high,92,8.5
high,68,5.4
high,55,6.8
high,81,7.5
high,81,8.6
high,71,7.7
high,83,8.4
high,89,5.2
high,75,8.6
high,84,8
high,68,7.8
high,76,7.9
high,87,8.2
high,78,7.9
high,77,7.7
high,95,7.5
high,64,6.5
high,77,8.7
high,70,8.8
high,52,4.9
high,76,7.6
high,62,7.2
high,72,6.9
high,57,8.4
high,81,8.1
high,65,5.8
high,74,7.3
high,81,8
high,76,7.3
high,85,8.9
high,70,6.3
high,83,7.9
high,79,7.6
high,43,4.1
high,85,8.5
high,77,7.6
high,88,5.8
high,88,8
high,45,5.8
high,78,8.2
high,73,8.3
high,69,7.3
high,43,3.4
high,53,5.4
high,83,7.9
high,68,9
high,62,5.1
high,79,8.4
high,91,9.1
high,81,8.5
high,88,7.5
high,74,7.5
high,56,7.1
high,65,6.6
high,76,9
high,84,9.1
high,81,8.8
high,81,7.7
high,73,8.8
high,79,8.2
high,87,8
high,50,4.7
high,83,7.8
high,67,6.1
high,84,8.6
high,79,7.8
high,85,6.8
high,79,8.1
high,73,8.6
high,82,5.9
high,73,7.6
high,57,7.6
high,78,8.3
high,82,8.4
high,82,8.6
high,80,8.3
high,78,5.1
high,77,8.2
high,71,2.6
high,79,8.1
high,83,8.3
high,70,6
high,88,8.7
high,79,4.5
high,74,7.6
high,69,6.3
high,84,7.3
high,82,6.8
high,94,9
high,87,8.7
high,75,7.7
high,69,7.7
high,85,8
high,81,7.4
high,80,8.2
high,61,6.9
high,87,8.1
high,73,6.7
high,80,8.5
high,77,5.8
high,77,8.1
high,86,5.7
high,75,8.9
high,66,4.4
high,68,7.6
high,83,6.6
high,92,8.3
high,54,6.9
high,75,8.3
high,47,2.1
high,65,8.3
high,74,6.9
high,76,5.5
high,84,8
high,88,8.9
high,73,7.2
high,85,7.4
high,75,7.5
high,58,6
high,91,7.4
high,70,8.1
high,40,6.1
high,69,7.3
high,59,6.7
high,47,5
high,82,7.4
high,73,7.3
high,85,7.3
high,76,6.6
high,76,7.8
high,86,8.4
high,88,8.8
high,70,5.6
high,75,8.6
high,66,5.9
high,75,8.5
high,81,7.3
high,90,7.3
high,65,6.5
high,89,8.4
high,84,8
high,80,8.3
high,89,8.7
high,71,8.3
high,91,5.6
high,64,7.3
high,77,6.3
high,72,8.1
high,65,7.7
high,63,8.8
high,83,7.9
high,72,7.2
high,84,8.4
high,87,7.1
high,71,7
high,83,8
high,75,6.9
high,75,8
high,81,9
high,89,8
high,82,8.3
high,61,8.3
high,82,8.4
high,70,6.1
high,92,7.6
high,80,7.9
high,81,8.9
high,91,9
high,80,8.4
high,83,7.7
high,73,8.7
high,65,7.3
high,86,8.5
high,46,4.4
high,83,8.8
high,71,7.7
high,81,7.5
high,68,5.8
high,79,8.4
high,88,7.9
high,86,7.4
high,73,7
high,84,8.1
high,75,7.6
high,67,7
high,82,8.8
high,86,8.4
high,77,7.7
high,93,8.5
high,78,8.6
high,79,8.8
high,65,6.1
high,72,7
high,72,8.4
high,90,6.2
high,86,8.1
high,54,7.9
high,61,6
high,48,3.3
high,71,7.4
high,84,7.6
high,83,5.3
high,83,8.7
high,66,6.9
high,92,7.7
high,70,8.7
high,80,8.2
high,51,3.6
high,74,8
high,80,7.9
high,64,6.1
high,81,8
high,72,7.3
high,90,8.5
high,81,7
high,86,8.3
high,77,7.7
high,76,8
high,51,8
high,67,4.5
high,86,8.4
high,92,8.9
high,72,9.3
high,87,8.4
high,79,8.5
high,79,7.8
high,82,6.6
high,85,7.6
high,83,8.6
high,55,6.5
high,88,9.1
high,66,8
high,87,8.2
high,70,5
high,70,8.2
high,78,8.1
high,75,8.3
high,89,8.4
high,79,8.7
high,80,6.8
high,75,6.2
high,77,8.2
high,54,5.4
high,44,6.6
high,59,5.9
high,78,6.4
high,86,7.7
high,82,7.5
high,82,7.6
high,87,8.3
high,81,5.3
high,88,9.2
high,82,8
high,75,5.9
high,85,7.6
high,75,7.9
high,81,8.7
high,54,2.1
high,79,6.6
high,78,5.2
high,77,7.9
high,86,9
high,87,9.1
high,76,4.3
high,76,6.4
high,85,8.1
high,77,7.5
high,82,8.6
high,71,7.9
high,81,8.4
high,70,6.9
high,85,8.7
high,52,6.7
high,69,6.9
high,71,7.4
high,60,7.7
high,63,7.6
high,87,8.6
high,60,7.8
high,74,7.3
high,78,4.1
high,78,8
high,79,6.9
high,75,8.4
high,79,7.7
high,73,7.3
high,68,6.9
high,73,7.1
high,70,7.4
high,81,8.2
high,79,8.4
high,84,7.7
high,77,4.8
high,64,7.8
high,78,7
high,83,6.7
high,83,7.6
high,47,4.5
high,87,9.1
high,92,7.8
high,83,8.9
high,79,6.8
high,77,7.9
high,79,6.2
high,70,6.1
high,90,8.5
high,85,6.9
high,64,7.5
high,70,5.5
high,81,8.7
high,85,8.6
high,71,8.8
high,90,8
high,83,8.6
high,61,4.8
high,66,7
high,77,7.8
high,73,7.1
high,39,5.6
high,76,8
high,80,6.8
high,59,8.7
high,71,7.5
high,63,3.3
high,86,7.1
high,61,6.7
high,81,9.2
high,80,7.8
high,85,8.5
high,82,8.4
high,87,7.5
high,48,6.4
high,73,7.7
high,60,6.1
high,79,7.1
high,79,7.8
high,74,8.2
high,70,6.7
high,78,5.4
high,76,8.1
high,77,7.2
high,76,8.3
high,63,8.9
high,92,8.9
high,90,8.7
high,57,7.4
high,86,5.7
high,81,6.8
high,56,8.1
high,75,7.9
high,76,6.5
high,80,7.6
high,78,8.3
high,77,3.4
high,71,7
high,78,7.6
high,73,7.3
high,90,8.8
high,76,6.7
high,88,8.3
high,70,5.7
high,70,7
high,70,8.1
high,74,7.4
high,74,5.2
high,73,7.6
high,50,6.5
high,71,7.5
high,61,5.2
high,86,7.8
high,82,8.5
high,85,7.6
high,68,6.6
high,76,8
high,91,8.5
high,67,6.3
high,83,6.2
high,77,6.7
high,84,8.6
high,85,9.1
high,77,8.3
high,83,8.2
high,85,7.5
high,83,7.8
high,81,8.1
high,75,7.8
high,80,7.3
high,80,8.4
high,70,7.1
high,70,7.9
high,79,4.1
high,68,8.1
high,71,7.5
high,78,8.1
high,84,7.5
high,78,7.8
high,84,8.3
high,78,8.3
high,51,7.8
high,77,6.4
high,82,8.5
high,74,7.3
high,61,5.5
high,93,8.2
high,75,7.6
high,86,8.1
high,82,7.8
high,88,8.8
high,76,6.8
high,48,6.6
high,69,7.2
high,81,8.8
high,80,7.9
high,80,7.7
high,68,7.2
high,69,8.1
high,63,6.8
high,73,6.9
high,69,7.3
high,87,7.9
high,83,7.4
high,85,8.1
high,88,9
high,65,8.1
high,62,4.9
high,76,8.3
high,92,8.3
high,55,8.2
high,77,6.3
high,72,7.1
high,76,8.5
high,80,6.2
high,76,8.5
high,81,8.3
high,74,8.4
high,53,5.8
high,72,6.5
high,76,7.9
high,72,9.1
high,83,8.1
high,73,7.3
high,81,7
high,88,8.9
high,81,7.6
high,71,7.2
high,82,8.2
high,83,7.7
high,65,8
high,86,8.2
high,72,7.7
high,64,7.9
high,75,8.4
high,85,7.4
high,78,8.7
high,74,7
high,84,7.1
high,61,7.4
high,71,7.9
high,78,7.9
high,84,8.9
high,83,7.8
high,84,7.8
high,62,5.3
high,83,8.4
high,86,8.1
high,77,6.2
high,51,4.9
high,67,6.8
high,89,9
high,86,8.4
high,57,6.7
high,82,7.2
high,75,8.8
high,78,6.6
high,60,7.4
high,49,4.4
high,57,5
high,82,5.8
high,77,7.8
high,78,6.7
high,79,8.5
high,83,8.8
high,77,8.2
high,69,7.4
high,84,5.3
high,84,7.8
high,75,7.6
high,82,4.3
high,70,1.8
high,78,7.8
high,81,8.2
high,86,7.9
high,65,8.2
high,83,8
high,75,6.4
high,78,9
high,77,7.6
high,90,8.9
high,74,8.8
high,63,7
high,86,8
high,78,8.7
high,73,6.1
high,66,8.7
high,81,8.8
high,60,7.6
high,86,8.7
high,78,7.6
high,70,8.2
high,73,5.9
high,80,6.9
high,74,7.1
high,75,4.4
high,60,7.5
high,75,8.2
high,80,8.3
high,79,8.5
high,45,7.8
high,80,8.1
high,87,8.2
high,83,7.5
high,72,4.6
high,84,8.1
high,57,7
high,57,7.3
high,73,8.6
high,71,6.3
high,48,6.4
high,74,5.8
high,85,5.3
high,34,5.3
high,83,8
high,76,5.4
high,74,7
high,78,8.4
high,65,6.9
high,75,7.8
high,87,7.1
high,84,7.7
high,76,5
high,83,8.3
high,82,8.2
high,64,7.3
high,72,7.2
high,53,6
high,69,7.3
high,55,3.1
high,65,7
high,81,7.7
high,85,8.1
high,74,8.5
high,79,8.1
high,86,7.4
high,57,6.3
high,68,7.8
high,88,8.9
high,73,8.2
high,85,7.7
high,81,8.4
high,72,6.3
high,87,8.2
high,48,3.8
high,71,7.4
high,81,8.6
high,57,7.1
high,81,7.3
high,53,6.3
high,78,8.5
high,52,4.9
high,70,6.5
high,70,6.6
high,38,5
high,69,7.5
high,84,8.7
high,77,8.4
high,81,8.4
high,45,3
high,46,5.9
high,57,7.2
high,79,8.2
high,66,6.7
high,56,4.7
high,94,8.7
high,52,6.8
high,85,8
high,91,8.2
high,63,8
high,65,6.9
high,52,3.3
high,81,8.8
high,39,7.6
high,87,7.6
high,51,4.9
high,71,7.8
high,60,6
high,67,8.4
high,81,7.9
high,76,8.9
high,89,8.4
high,55,5.8
high,95,7.3
high,81,7.8
high,58,6
high,60,7
high,86,7.8
high,72,6
high,72,5.2
high,81,6.7
high,69,6.5
high,78,7.4
high,82,7.2
high,83,7.8
high,75,7.9
high,62,7.6
high,81,7.9
high,76,9
high,69,7.1
high,59,6.5
high,80,6.9
high,54,7.1
high,76,5.7
high,79,7.7
high,63,7.9
high,67,7.2
high,70,8.8
high,69,6.5
high,91,7.9
high,79,6.8
high,84,7.4
high,74,7.2
high,60,7.1
high,85,8.1
high,77,6.7
high,83,8.2
high,79,8.2
high,87,7.8
high,82,8
high,49,6.3
high,72,8.3
high,74,7.3
high,72,8
high,55,6.9
high,79,6.6
high,55,4.8
high,76,8.9
high,78,7.7
high,76,8
high,79,6.3
high,80,8.7
high,86,7.7
high,72,5.8
high,88,7.7
high,79,6.9
high,84,8.7
high,71,7
high,86,9
high,75,6.6
high,80,7.1
high,74,7.1
high,64,8.7
high,65,7
high,73,7.5
high,74,7.9
high,65,5.2
high,68,6.6
high,74,6.7
high,73,8.9
high,55,7
high,79,6
high,79,7.1
high,83,8.1
high,83,7.7
high,72,8.4
high,86,8.2
high,77,7.2
high,90,8.1
high,74,6.4
high,75,5.4
high,82,8.6
high,84,7.1
high,66,8.5
high,91,8.3
high,75,6.6
high,81,8.2
high,87,7.1
high,79,8.1
high,92,8.3
high,86,8.4
high,60,7.2
high,93,9
high,39,7
high,66,4
high,85,8.8
high,49,6.2
high,75,6.8
high,68,6.5
high,77,7.4
high,73,7.8
high,59,7.3
high,83,7.7
high,77,7.9
high,82,6.4
high,65,5.9
high,50,5.5
high,67,6.9
high,81,7.8
high,86,7.1
high,58,5.9
high,78,8.4
high,73,8.3
high,79,8.1
high,84,8.2
high,89,8.6
high,68,7
high,78,7.5
high,86,7
high,92,9
high,66,6.6
high,65,7.6
high,66,6.4
high,58,8.1
high,85,8.7
high,90,8.8
high,43,3.3
high,80,7.6
high,73,7.5
high,65,7.4
high,65,7.5
high,70,6.8
high,89,7.4
high,77,8.6
high,40,4.4
high,68,8.1
high,62,4.9
high,76,7.4
high,75,5.8
high,50,3.3
high,75,7.6
high,82,7.7
high,78,8.7
high,63,9
high,81,7.3
high,68,6.4
high,89,8.8
high,70,7.1
high,66,6.9
high,89,8
high,85,8.8
high,67,7.1
high,85,8.5
high,82,8.6
high,82,8.4
high,42,6.2
high,80,7.5
high,85,8.7
high,76,8.9
high,79,7.8
high,69,6.8
high,82,8.8
high,84,8.8
high,60,7
high,79,7.3
high,74,9
high,78,8.9
high,71,7.1
high,67,6
high,81,7.2
high,63,6.8
high,86,7.7
high,68,7.1
high,73,6.4
high,66,6.8
high,81,8.8
high,77,7.2
high,62,7.2
high,67,6.9
high,78,8.1
high,65,6.3
high,65,6.6
high,80,7.7
high,61,7.9
high,58,8.3
high,74,8
high,69,2.9
high,83,7.8
high,88,8.4
high,70,6
high,78,8.7
high,83,6.6
high,92,8.7
high,64,7.1
high,67,7.1
high,76,6.6
high,71,7.4
high,63,7.3
high,71,7.9
high,60,6.9
high,71,7.8
high,88,8
high,70,6.7
high,73,8.6
high,63,6.3
high,74,9
high,60,8.9
high,76,7.4
high,60,6.6
high,47,6
high,82,7.2
high,84,7.8
high,89,9.4
high,60,7.4
high,80,8.4
high,63,9.1
high,77,8.8
high,68,6.7
high,80,6.9
high,54,7.5
high,67,6.6
high,54,6.2
high,60,8
high,64,8
high,68,7.7
high,84,8.4
high,72,7.7
high,60,7
high,50,4
high,74,7.4
high,83,7.4
high,58,7.2
high,79,6.4
high,61,6.6
high,88,7.7
high,81,8.9
high,61,7.9
high,75,7.3
high,67,8.2
high,88,7.7
high,64,5.9
high,57,7.4
high,84,6.8
high,74,7.7
high,74,5.1
high,63,5.7
high,67,7
high,82,7.3
high,81,8
high,91,6.9
high,78,8.8
high,73,6.8
high,88,7.7
high,55,7
high,78,7.7
high,44,6.5
high,60,7.1
high,68,7.6
high,71,7.4
high,32,4
high,82,8.4
high,75,7
high,89,8.3
high,82,5.8
high,62,4.6
high,80,8.4
high,93,9.3
high,89,8.3
high,88,7.7
high,54,5.3
high,78,5.5
high,76,7.2
high,79,8.5
high,90,8.3
high,87,8.5
high,77,7.7
high,78,8.4
high,89,8.2
high,70,6.1
high,71,8
high,75,6
high,71,7.3
high,46,6.8
high,72,9.2
high,86,8
high,48,6.8
high,80,8.6
high,68,8.6
high,67,4.6
high,74,7.8
high,70,7.9
high,88,7.5
high,80,6.1
high,50,6.3
high,48,4.3
high,68,8.4
high,73,4.3
high,82,7
high,72,8.6
high,58,8.8
high,70,6.4
high,56,6
high,73,7.4
high,81,7
high,75,7.6
high,91,9.3
high,72,8.5
high,70,6.9
high,86,8.7
high,71,6.3
high,49,6.8
high,81,8.1
high,84,8.1
high,90,8.6
high,46,3
high,77,6.3
high,70,5.9
high,70,7.1
high,79,5.9
high,64,5.3
high,85,7.3
high,58,5.4
high,71,6
high,62,8.9
high,84,8.7
high,67,7.3
high,75,7.7
high,59,5.9
high,86,7.7
high,45,6
high,43,3.6
high,51,7.8
high,64,7.4
high,88,8.8
high,62,5.9
high,60,5.1
high,72,6
high,68,8.5
high,71,7.6
high,61,6.7
high,77,7.6
high,32,4.6
high,63,8.6
high,52,7.5
high,87,8.6
high,82,8.1
high,43,4.9
high,35,6.8
high,81,8.7
high,90,8.9
high,72,6.6
high,69,6.9
high,72,7.6
high,60,3.6
high,69,6.3
medium,62,8.1
medium,56,5.8
medium,44,2.1
medium,88,7.1
medium,83,8.5
medium,73,5.6
medium,90,8.5
medium,72,5.7
medium,73,7.8
medium,77,6.8
medium,82,8.3
medium,74,4.9
medium,60,7.5
medium,81,9
medium,66,5.9
medium,81,9.6
medium,80,7.8
medium,82,8.7
medium,44,7
medium,48,7.5
medium,58,5.1
medium,67,7.7
medium,77,6.2
medium,58,8
medium,55,6.4
medium,68,5.7
medium,33,3.7
medium,73,8.2
medium,74,6
medium,81,7.3
medium,90,7.8
medium,68,5.1
medium,89,6
medium,38,6.3
medium,74,7.7
medium,73,7.3
medium,70,7.9
medium,83,8.3
medium,84,7.8
medium,86,7.5
medium,84,8.8
medium,77,6.8
medium,42,7.6
medium,85,8.4
medium,71,8.3
medium,78,6.6
medium,71,7.1
medium,91,8.7
medium,77,8.7
medium,52,6.9
medium,78,8.5
medium,79,9
medium,70,8.4
medium,90,8.1
medium,76,8.3
medium,85,5.7
medium,85,8.8
medium,63,7.8
medium,78,8.4
medium,75,6.3
medium,62,6.1
medium,60,7
medium,89,8.2
medium,82,4.9
medium,87,8
medium,87,8.4
medium,45,5.9
medium,73,7.9
medium,88,7.9
medium,91,8
medium,71,7.5
medium,57,9.1
medium,56,5.7
medium,77,8.1
medium,74,5.2
medium,60,7.2
medium,80,7.8
medium,70,8.9
medium,67,6.4
medium,63,7
medium,74,6.3
medium,69,8.2
medium,73,6.9
medium,66,5.3
medium,87,8.3
medium,58,7.7
medium,75,7.5
medium,73,8.6
medium,78,8.2
medium,78,8.1
medium,77,8
medium,62,8
medium,83,8.9
medium,83,8.6
medium,66,8.6
medium,77,8.2
medium,78,7.6
medium,64,6.5
medium,66,7.5
medium,81,8.9
medium,63,8.6
medium,65,6.9
medium,76,7.8
medium,78,7.6
medium,55,8.4
medium,71,7.2
medium,80,8.2
medium,74,8.1
medium,77,7.6
medium,50,5.8
medium,68,7.3
medium,67,7.8
medium,56,8.1
medium,68,7.6
medium,64,7.3
medium,72,5.4
medium,56,6.5
medium,47,7
medium,72,7.5
medium,71,8
medium,91,8.5
medium,81,8.2
medium,72,5.8
medium,77,6.8
medium,75,6.6
medium,58,6.3
medium,59,6.8
medium,77,7.5
medium,75,7.8
medium,76,8.3
medium,88,6.9
medium,78,9.1
medium,68,7.5
medium,83,8.4
medium,84,8.4
medium,47,7
medium,80,8.5
medium,94,9.3
medium,80,7.4
medium,68,6.6
medium,81,5.1
medium,67,7.8
medium,68,6.7
medium,93,8.4
medium,82,8.9
medium,75,7.7
medium,81,6.8
medium,92,8.3
medium,63,7.2
medium,72,8.4
medium,67,6.8
medium,79,9.2
medium,70,7.6
medium,68,6.7
medium,76,7.7
medium,41,4.8
medium,74,8.5
medium,67,6.8
medium,82,7.1
medium,75,8.3
medium,47,5.6
medium,77,8
medium,74,8.5
medium,80,6
medium,77,6.3
medium,70,6.5
medium,80,7.8
medium,82,8.8
medium,66,7
medium,75,8.6
medium,72,7.4
medium,82,7.8
medium,70,8.1
medium,75,5.7
medium,58,7.5
medium,84,8.5
medium,84,8.3
medium,81,7.5
medium,77,7.9
medium,78,8.6
medium,69,7
medium,74,9.2
medium,89,8.4
medium,55,5.8
medium,71,7.3
medium,67,6.6
medium,58,8.6
medium,80,8.6
medium,81,5.9
medium,59,8.6
medium,80,8.9
medium,41,5
medium,83,8.7
medium,58,5.9
medium,46,4.6
medium,81,7.9
medium,78,9.1
medium,62,6.5
medium,83,8.1
medium,85,8.8
medium,78,8.1
medium,75,9.3
medium,78,8.3
medium,51,4.6
medium,87,8.8
medium,58,8.1
medium,82,8.3
medium,78,8.3
medium,78,7.7
medium,62,7.1
medium,70,7.5
medium,69,6.9
medium,82,8.5
medium,89,8.4
medium,72,7
medium,71,8.2
medium,59,6.6
medium,63,6.3
medium,72,8.4
medium,69,7.6
medium,73,7.7
medium,75,8.3
medium,69,7.8
medium,61,6.4
medium,47,5.4
medium,43,3.9
medium,68,7.7
medium,84,8.5
medium,76,7.3
medium,83,7.7
medium,66,8
medium,81,8
medium,66,8.4
medium,76,6.2
medium,77,8
medium,69,8.2
medium,41,4
medium,79,7.8
medium,46,5.2
medium,89,9.1
medium,68,7.2
medium,73,8.5
medium,87,9
medium,68,7.1
medium,73,5.3
medium,86,8.9
medium,79,6.9
medium,90,8.2
medium,56,7.3
medium,76,4.2
medium,71,8.1
medium,75,7.8
medium,61,3.7
medium,65,3.9
medium,68,6.6
medium,82,7.1
medium,81,8.4
medium,78,7.8
medium,79,7.8
medium,74,8.1
medium,68,8.2
medium,73,8
medium,80,7.9
medium,78,7.5
medium,90,8
medium,58,7.9
medium,77,7.9
medium,69,8.1
medium,70,7.5
medium,81,8.8
medium,74,8.2
medium,71,6.1
medium,76,7.3
medium,59,5.5
medium,47,6.3
medium,70,7.7
medium,53,8.4
medium,53,6.4
medium,74,7.8
medium,67,7.4
medium,64,7.5
medium,80,8.4
medium,34,3.6
medium,76,7.6
medium,69,7.4
medium,55,4.8
medium,85,8.2
medium,56,7
medium,78,7.8
medium,82,8.4
medium,62,8.8
medium,74,8.1
medium,75,8.4
medium,62,7.3
medium,76,4.6
medium,80,6.2
medium,56,7.5
medium,70,7.7
medium,71,4.8
medium,73,7
medium,82,8.1
medium,76,7.8
medium,78,8.4
medium,77,5.6
medium,73,8.2
medium,55,7.2
medium,51,7.5
medium,88,8.4
medium,83,8.4
medium,81,7.8
medium,86,7.6
medium,62,6.7
medium,44,7
medium,83,8.4
medium,54,6.9
medium,73,6.5
medium,75,7.7
medium,83,8.7
medium,78,6.6
medium,63,7.1
medium,80,7.3
medium,76,7.3
medium,78,7.8
medium,72,6
medium,81,8.3
medium,88,9.1
medium,59,6.3
medium,83,8.7
medium,66,8.2
medium,68,6.4
medium,65,7.4
medium,89,8.1
medium,65,7.3
medium,68,8.9
medium,80,8.2
medium,80,8.7
medium,67,9
medium,84,8.4
medium,69,7.3
medium,64,7.8
medium,50,7.3
medium,70,8.1
medium,81,8
medium,61,5
medium,75,7.2
medium,83,8.4
medium,54,7
medium,55,5.5
medium,57,5.6
medium,84,6.9
medium,81,7.6
medium,58,7.2
medium,69,7.9
medium,66,7.6
medium,59,6.5
medium,57,5.3
medium,61,7.2
medium,78,8.7
medium,81,7.7
medium,77,8.3
medium,78,6.2
medium,76,8.4
medium,65,6.4
medium,61,5
medium,56,7.3
medium,76,7.7
medium,43,4.4
medium,72,7.6
medium,57,6.4
medium,72,7.7
medium,84,6.1
medium,58,6.3
medium,81,7.4
medium,58,5.7
medium,56,6.1
medium,62,7.8
medium,78,6.5
medium,79,8.6
medium,87,5.6
medium,55,5.5
medium,73,8.1
medium,77,7.7
medium,72,7.5
medium,80,7.9
medium,80,8.1
medium,78,8.2
medium,81,8.2
medium,73,5.9
medium,70,7
medium,72,8.1
medium,82,7.8
medium,82,7.9
medium,80,6
medium,50,5.3
medium,81,5.1
medium,68,7.5
medium,72,6.6
medium,80,9.1
medium,65,6
medium,43,4.1
medium,72,6.3
medium,61,8.7
medium,60,6.9
medium,67,6.5
medium,53,5.3
medium,79,6.4
medium,62,7.1
medium,83,4.4
medium,72,7.6
medium,90,8.8
medium,37,6.3
medium,82,7.6
medium,69,6.2
medium,75,8
medium,84,9
medium,82,8.8
medium,54,7.1
medium,68,7.4
medium,79,7.9
medium,65,7.3
medium,58,8
medium,60,6.5
medium,82,7.9
medium,59,4.3
medium,69,8.5
medium,74,7.4
medium,66,7.5
medium,64,7.1
medium,41,4.2
medium,48,6.8
medium,79,8.9
medium,82,8.1
medium,70,5.6
medium,79,8
medium,46,8.2
medium,75,7.3
medium,54,7.8
medium,70,6.3
medium,79,6.5
medium,85,8.2
medium,62,8.7
medium,71,6.9
medium,81,7.6
medium,76,9.1
medium,74,7.4
medium,69,7.4
medium,70,7
medium,67,6.8
medium,62,5.5
medium,69,7.2
medium,76,7.7
medium,83,8.4
medium,85,8.8
medium,71,8.3
medium,71,7.9
medium,49,5.4
medium,61,6.7
medium,59,4.9
medium,82,7.6
medium,57,6.8
medium,80,7.9
medium,50,3.7
medium,77,8.3
medium,64,6.9
medium,72,4.6
medium,63,6.5
medium,58,8.8
medium,70,8.7
medium,67,6.1
medium,86,8.4
medium,89,8.2
medium,65,9.1
medium,41,4.1
medium,67,7.9
medium,71,7
medium,70,8.7
medium,46,6.8
medium,83,7.5
medium,89,8.9
medium,66,6.9
medium,70,7.2
medium,75,8.4
medium,75,8.3
medium,79,6.7
medium,76,8.7
medium,65,6.8
medium,68,7
medium,69,7.3
medium,69,6.8
medium,76,8.2
medium,69,5.8
medium,71,7.3
medium,82,8.2
medium,86,8.4
medium,53,7.2
medium,77,7.2
medium,72,8.6
medium,80,7.5
medium,56,6.9
medium,74,7.1
medium,80,7.7
medium,38,5
medium,85,7.6
medium,73,7.7
medium,79,8.2
medium,61,7.2
medium,84,8.6
medium,50,4.6
medium,75,7
medium,78,8
medium,70,6.9
medium,70,7.4
medium,70,5.2
medium,89,7.9
medium,47,7.8
medium,78,7.4
medium,64,8.5
medium,58,5.3
medium,69,6.6
medium,84,8.7
medium,74,7.2
medium,78,5.6
medium,80,8.1
medium,56,7.4
medium,80,7.7
medium,88,8.5
medium,80,8.5
medium,50,5.9
medium,73,6.6
medium,85,8.6
medium,68,8
medium,83,7.6
medium,66,8.2
medium,69,8
medium,79,8.3
medium,74,8
medium,81,9.3
medium,86,5.1
medium,59,6.6
medium,55,7.2
medium,65,4
medium,71,7.2
medium,53,6.8
medium,75,8.7
medium,82,8.1
medium,70,2.8
medium,84,7.7
medium,74,7.5
medium,73,8.6
medium,80,7.8
medium,78,5.2
medium,58,8.6
medium,60,6
medium,73,8.6
medium,58,5
medium,65,7
medium,72,8.2
medium,88,8.5
medium,74,6.8
medium,80,7.8
medium,68,8.4
medium,43,5.3
medium,88,8.8
medium,51,3.6
medium,73,7.5
medium,43,5.5
medium,76,8.1
medium,62,7.4
medium,74,7.1
medium,81,6.8
medium,77,8.4
medium,45,7
medium,81,8
medium,51,8.1
medium,81,8.6
medium,74,6.2
medium,64,8.7
medium,68,8.8
medium,71,7.8
medium,74,8.2
medium,82,7.9
medium,47,6
medium,77,7.1
medium,71,8.8
medium,57,6.8
medium,89,8.5
medium,66,7.8
medium,64,6.9
medium,76,8
medium,90,8.2
medium,53,5.2
medium,46,6.7
medium,70,6.6
medium,56,6.5
medium,68,4.4
medium,74,4.4
medium,54,5.4
medium,74,6.7
medium,79,8.9
medium,65,8.2
medium,39,4.9
medium,81,5.8
medium,84,6.9
medium,64,3.1
medium,91,7.8
medium,78,7.5
medium,69,6.9
medium,73,8
medium,70,6.7
medium,88,8.5
medium,55,7.7
medium,64,7.2
medium,79,7.2
medium,47,7.5
medium,70,8.1
medium,71,5.9
medium,72,8
medium,71,8.7
medium,61,7
medium,80,7.6
medium,84,7.3
medium,78,7.1
medium,45,5.8
medium,59,7
medium,76,8.2
medium,70,1.7
medium,80,8.2
medium,65,6.8
medium,75,8.5
medium,70,7.5
medium,75,7.6
medium,77,8
medium,76,8.2
medium,76,8.1
medium,75,6.8
medium,74,6.8
medium,84,8.4
medium,58,6.2
medium,54,7
medium,76,8.8
medium,66,7.9
medium,46,4.5
medium,77,8.9
medium,46,4.4
medium,82,8.9
medium,75,5.5
medium,65,8.7
medium,81,8.2
medium,70,5.9
medium,76,6
medium,74,6.6
medium,70,7.9
medium,69,8.7
medium,80,7.8
medium,70,6.8
medium,52,7.5
medium,81,7.9
medium,80,6.9
medium,77,7.7
medium,55,7.1
medium,61,2.8
medium,59,3.2
medium,76,6.3
medium,62,4.1
medium,63,4.8
medium,81,6.9
medium,58,5.7
medium,73,7.6
medium,84,8.2
medium,75,8.8
medium,69,8.5
medium,50,7.6
medium,59,7.1
medium,75,6.4
medium,75,6.6
medium,56,6
medium,77,7.3
medium,84,8.5
medium,69,7.6
medium,66,7.5
medium,87,8
medium,50,5
medium,74,8.1
medium,62,8.8
medium,68,8.6
medium,43,5.6
medium,43,7.1
medium,51,4.7
medium,79,8.5
medium,77,8.6
medium,72,6.8
medium,93,9
medium,73,7.8
medium,59,5.7
medium,76,8.3
medium,67,7
medium,85,8.6
medium,78,8.5
medium,71,7.4
medium,61,5.7
medium,51,5
medium,66,4.3
medium,81,9
medium,77,8.1
medium,73,7.3
medium,71,6.5
medium,80,8.3
medium,81,8.5
medium,76,7.5
medium,67,7.4
medium,61,7.1
medium,73,8.3
medium,55,6
medium,76,8.8
medium,57,7.2
medium,85,8.3
medium,71,8.5
medium,66,8.5
medium,77,8.3
medium,57,3.1
medium,36,6.4
medium,77,7.4
medium,66,6.7
medium,61,7.6
medium,84,8.8
medium,71,6.3
medium,69,7
medium,65,7.3
medium,38,2.8
medium,72,7.3
medium,70,7.3
medium,71,5.7
medium,87,8.6
medium,75,7
medium,49,5.3
medium,77,8.2
medium,63,7.2
medium,92,8.7
medium,44,5.3
medium,79,7.6
medium,66,7.6
medium,72,8
medium,63,7.3
medium,79,5.2
medium,41,5.2
medium,43,6.3
medium,62,8.4
medium,67,8.8
medium,64,6.1
medium,82,8.1
medium,79,7.3
medium,80,7.5
medium,68,8
medium,58,7.5
medium,82,8.7
medium,90,9
medium,66,7.5
medium,84,7.2
medium,72,5.8
medium,70,7.6
medium,61,7.7
medium,75,7.6
medium,68,5.4
medium,65,6
medium,71,7
medium,53,8.3
medium,71,6.3
medium,71,6.9
medium,82,8.7
medium,33,6.2
medium,86,8.3
medium,38,3.9
medium,78,7.6
medium,78,8.2
medium,51,4.6
medium,72,8.4
medium,77,7.9
medium,70,8.3
medium,74,7.8
medium,65,7.4
medium,78,6.3
medium,52,5.4
medium,60,5.1
medium,70,8.5
medium,78,7.8
medium,83,8.7
medium,60,8.8
medium,84,7.6
medium,68,6.5
medium,50,6
medium,49,7.4
medium,83,9
medium,79,8.9
medium,53,8.2
medium,73,5.8
medium,70,6.3
medium,70,8.1
medium,56,5.8
medium,70,6.3
medium,61,6.6
medium,78,7
medium,75,8.6
medium,73,6.7
medium,77,7.1
medium,68,7
medium,80,6.9
medium,82,6.6
medium,72,5.8
medium,28,4.1
medium,54,3.5
medium,66,3.9
medium,80,7.4
medium,66,7.8
medium,51,7
medium,84,7.9
medium,66,6.4
medium,55,5.9
medium,62,8.3
medium,77,6.9
medium,70,6.3
medium,75,6.7
medium,74,3.8
medium,85,8.2
medium,65,7.4
medium,84,8.5
medium,83,8.2
medium,51,5.5
medium,80,7.3
medium,85,8.7
medium,66,7.1
medium,68,6.8
medium,73,7.8
medium,72,5.9
medium,85,8.1
medium,73,7.4
medium,59,7.7
medium,73,7.7
medium,68,7.9
medium,56,2.7
medium,52,7.6
medium,62,7.5
medium,81,9
medium,79,8.5
medium,79,8.3
medium,55,5.7
medium,73,7.4
medium,81,7.5
medium,71,8
medium,75,7.9
medium,82,8.8
medium,67,8.3
medium,48,7.9
medium,87,8.6
medium,58,7.8
medium,85,8.7
medium,76,8.8
medium,69,7.4
medium,59,6.4
medium,68,6.3
medium,83,8.1
medium,53,6
medium,50,7
medium,73,7.9
medium,71,7.4
medium,77,8.5
medium,60,7.1
medium,72,9.3
medium,70,8.5
medium,86,8.5
medium,84,8.7
medium,49,6.2
medium,63,7.1
medium,54,6.3
medium,81,7.5
medium,80,8.4
medium,73,6.8
medium,91,8.9
medium,59,8.7
medium,76,7.6
medium,60,5.9
medium,57,4.8
medium,72,8.2
medium,83,7.7
medium,53,5.5
medium,77,7.2
medium,45,5.3
medium,31,2.7
medium,49,5.4
medium,81,8.7
medium,69,7.5
medium,76,7.6
medium,77,6.2
medium,85,8.4
medium,69,6.9
medium,63,8.3
medium,81,9.1
medium,59,6
medium,73,7.2
medium,79,6.8
medium,71,8.6
medium,56,5.3
medium,83,8.4
medium,48,3.8
medium,85,7.1
medium,66,7.8
medium,39,5.8
medium,67,8.2
medium,80,8.4
medium,65,6.6
medium,79,7
medium,59,6.9
medium,48,5
medium,87,8.7
medium,27,4.8
medium,70,6.9
medium,68,5.6
medium,71,5.1
medium,85,8.7
medium,69,4.7
medium,63,6.6
medium,83,9.1
medium,81,8.9
medium,77,7.5
medium,59,7.8
medium,60,6.4
medium,86,8.9
medium,83,8.5
medium,35,4.1
medium,81,7.9
medium,85,6.7
medium,69,6.3
medium,62,9.1
medium,69,3.4
medium,57,5.6
medium,89,8.5
medium,74,5.2
medium,75,7.2
medium,73,8.7
medium,83,7.5
medium,73,6.6
medium,77,9.1
medium,61,5.8
medium,65,8.6
medium,75,7.6
medium,72,8.3
medium,78,8.8
medium,75,7.1
medium,65,8.1
medium,45,4.3
medium,80,8
medium,70,6.5
medium,91,7.9
medium,67,7.6
medium,54,6.7
medium,69,7.3
medium,56,7.3
medium,69,7.2
medium,60,6.3
medium,75,8.6
medium,59,7.2
medium,85,7.3
medium,77,7.9
medium,47,6.8
medium,79,8.1
medium,62,7
medium,60,6.2
medium,82,8.7
medium,52,6.5
medium,75,7.1
medium,69,6.8
medium,61,6.6
medium,58,5.3
medium,75,8.2
medium,66,6
medium,88,7.7
medium,77,8.3
medium,72,8.1
medium,78,5.8
medium,78,8.6
medium,75,7.8
medium,87,8.2
medium,44,5.4
medium,64,6.4
medium,51,5.8
medium,69,7.7
medium,65,8.3
medium,91,9.1
medium,84,7.6
medium,79,8.2
medium,63,6.2
medium,68,6.8
medium,62,7.6
medium,77,8.4
medium,52,6
medium,59,6.7
medium,70,6.2
medium,80,8
medium,79,7.5
medium,74,8.6
medium,83,9
medium,59,9
medium,86,8.2
medium,78,8.6
medium,60,5.4
medium,84,6.4
medium,69,7.6
medium,75,8.5
medium,61,6.6
medium,84,8.9
medium,66,8.8
medium,74,7.7
medium,47,6.6
medium,83,8.4
medium,62,7.7
medium,55,7.8
medium,74,8.1
medium,66,7.1
medium,70,8.3
medium,72,8.2
medium,26,3.7
medium,71,5.7
medium,45,5.8
medium,60,7.6
medium,65,8.2
medium,41,4.6
medium,69,7.8
medium,76,7.4
medium,75,7.4
medium,75,6.3
medium,80,8.5
medium,66,6.1
medium,44,5.6
medium,77,8.3
medium,66,5.8
medium,89,8.9
medium,50,5.2
medium,72,7.4
medium,68,7.3
medium,72,7.1
medium,67,7.2
medium,79,7.9
medium,82,9.3
medium,76,7.9
medium,85,6.9
medium,75,7.2
medium,74,8.8
medium,67,7.6
medium,74,8.4
medium,75,7.2
medium,73,7
medium,43,5.7
medium,79,8.4
medium,58,7.5
medium,63,6.9
medium,85,7.8
medium,67,6.3
medium,55,5.7
medium,59,8.5
medium,70,4.8
medium,76,7.7
medium,82,7.8
medium,49,6
medium,68,8
medium,78,8.3
medium,79,7.3
medium,70,7.5
medium,75,8.2
medium,59,6.9
medium,79,7.6
medium,87,7.9
medium,72,8.6
medium,74,8.8
medium,63,6.9
medium,82,8
medium,58,8.7
medium,81,7.9
medium,63,7.4
medium,72,8.7
medium,52,7.2
medium,87,6.4
medium,53,5.5
medium,63,6.6
medium,82,8.2
medium,71,8.8
medium,80,9.3
medium,65,6.3
medium,50,5.6
medium,61,5.6
medium,72,7.6
medium,85,8.7
medium,77,7.5
medium,70,8.9
medium,77,8
medium,64,6.8
medium,58,8.1
medium,70,6.6
medium,72,7.8
medium,59,7.9
medium,73,8.4
medium,58,8.1
medium,61,7.7
medium,82,7.9
medium,73,7.3
medium,49,4.8
medium,78,6.6
medium,68,7.4
medium,79,8.8
medium,32,3.6
medium,82,8.6
medium,62,7.2
medium,66,7
medium,76,7.1
medium,26,3.8
medium,85,8.6
medium,65,3.6
medium,81,3.3
medium,59,6
medium,69,8.1
medium,79,8.3
medium,81,6.8
medium,41,1.7
medium,81,9
medium,67,5.6
medium,73,8
medium,58,2.1
medium,71,7.4
medium,73,6
medium,74,7.4
medium,78,8.9
medium,82,6.9
medium,73,8.5
medium,52,6.5
medium,49,6.1
medium,58,6
medium,32,2.4
medium,66,7.2
medium,54,5.3
medium,59,7.8
medium,54,5.8
medium,73,6.2
medium,73,7.8
medium,62,7.3
medium,76,8.3
medium,27,8.9
medium,83,8.4
medium,72,7.5
medium,66,4.5
medium,62,4.1
medium,83,8.3
medium,68,6.8
medium,65,8.2
medium,36,3.8
medium,61,8.5
medium,81,8.5
medium,75,7.3
medium,62,8.2
medium,77,8.2
medium,53,5.5
medium,69,7
medium,77,8.9
medium,79,6.6
medium,48,5.9
medium,63,5.8
medium,61,7.5
medium,90,8.2
medium,46,7.3
medium,74,5.3
medium,77,7.9
medium,73,8.6
medium,62,5.3
medium,76,8.9
medium,60,7.4
medium,73,7.5
medium,65,7.7
medium,55,6.1
medium,74,8
medium,68,8
medium,49,7
medium,77,9.5
medium,56,8.4
medium,72,7
medium,76,7
medium,52,7.4
medium,48,4.4
medium,70,6.5
medium,85,9
medium,70,7.3
medium,68,6.8
medium,71,8.6
medium,72,8.7
medium,60,6.3
medium,57,5.8
medium,74,8
medium,77,8.2
medium,74,5.4
medium,72,6.9
medium,67,5.2
medium,73,8.4
medium,66,7.7
medium,87,9
medium,69,7.3
medium,61,6.8
medium,64,5.6
medium,60,7.6
medium,58,6
medium,87,8.8
medium,64,7.3
medium,67,8.3
medium,60,5.4
medium,72,8.1
medium,60,5.7
medium,72,6.6
medium,61,7.1
medium,68,8.5
medium,82,8.2
medium,58,7.3
medium,74,8.2
medium,69,8
medium,69,8.8
medium,76,8.4
medium,70,7.7
medium,70,8.1
medium,84,8.2
medium,76,6
medium,77,8
medium,77,7.8
medium,65,7.4
medium,68,3.7
medium,71,7.2
medium,68,8.5
medium,43,6.8
medium,47,6.3
medium,30,5.1
medium,83,8.4
medium,81,7.3
medium,79,8.1
medium,45,5.5
medium,49,3.6
medium,76,5.4
medium,71,6.2
medium,80,8.1
medium,65,8.8
medium,76,8.6
medium,56,7.5
medium,75,8.1
medium,84,8.9
medium,61,6.5
medium,59,5.2
medium,80,9
medium,72,7.9
medium,86,7.7
medium,72,5.7
medium,76,8.1
medium,48,8.3
medium,69,8.2
medium,85,8.2
medium,73,8.8
medium,72,8.5
medium,69,6.9
medium,58,8
medium,66,6.2
medium,40,4.8
medium,73,8.4
medium,58,7.5
medium,92,8.4
medium,90,8.5
medium,76,8.4
medium,61,4.8
medium,58,7.9
medium,59,7.4
medium,71,7
medium,56,7.6
medium,85,8.2
medium,68,8.5
medium,57,6.7
medium,58,6.6
medium,52,8
medium,69,6.1
medium,59,6.7
medium,56,7
medium,69,7.3
medium,70,7.8
medium,64,7.8
medium,82,7.2
medium,69,6.9
medium,76,8.3
medium,46,4.7
medium,50,5.2
medium,84,8.6
medium,60,5.9
medium,71,7.5
medium,76,8.9
medium,78,7.5
medium,56,6.7
medium,80,7.8
medium,70,7.5
medium,84,8.3
medium,71,7.1
medium,57,5.8
medium,82,8.4
medium,70,7.3
medium,66,6.6
medium,66,7.1
medium,61,6.5
medium,65,4.9
medium,55,3.9
medium,89,7.6
medium,55,7.5
medium,59,5.6
medium,71,7.3
medium,60,7.8
medium,65,7.7
medium,56,5.8
medium,91,9.1
medium,57,7
medium,80,8.7
medium,58,6.7
medium,74,7.2
medium,75,8.3
medium,65,6.5
medium,59,4.7
medium,71,6.4
medium,78,8.1
medium,79,8.7
medium,78,5.8
medium,51,6
medium,64,3.6
medium,67,8.1
medium,38,5.1
medium,72,7.5
medium,41,5.4
medium,61,7.2
medium,81,8.5
medium,41,5.9
medium,65,8.6
medium,81,7.8
medium,87,9.1
medium,71,7.1
medium,64,5.7
medium,60,5.4
medium,79,5.3
medium,73,7.5
medium,67,8.4
medium,79,5.9
medium,70,8.5
medium,60,4.3
medium,76,6.8
medium,89,8.8
medium,69,6.8
medium,69,6.6
medium,75,8.3
medium,62,3.7
medium,61,8
medium,41,6.5
medium,71,6.4
medium,75,7.5
medium,62,5.8
medium,62,6.6
medium,77,6
medium,68,6.8
medium,77,8.1
medium,42,6.6
medium,56,7
medium,69,7.6
medium,79,8.4
medium,75,8.9
medium,78,7.9
medium,52,8.3
medium,78,7
medium,66,8.3
medium,41,7.4
medium,63,6.3
medium,47,5.7
medium,59,6.7
medium,45,6.1
medium,69,7.3
medium,87,8.2
medium,46,8.4
medium,40,6.4
medium,75,6.8
medium,46,7
medium,89,8.2
medium,73,8.5
medium,53,7.3
medium,55,6.4
medium,90,8.5
medium,87,5.6
medium,76,7.4
medium,51,6.2
medium,84,8.8
medium,81,8.1
medium,56,7.5
medium,82,8.9
medium,55,6.8
medium,68,8.2
medium,50,6.6
medium,59,5.7
medium,63,8.6
medium,80,8.2
medium,83,7.2
medium,64,7.8
medium,70,6.6
medium,63,3.5
medium,61,4.5
medium,68,5.5
medium,73,7.1
medium,59,9
medium,81,5.8
medium,78,6.9
medium,66,8.9
medium,59,7.9
medium,73,8.7
medium,44,6.7
medium,77,8.4
medium,67,7.9
medium,67,8.4
medium,77,8.6
medium,88,9.1
medium,64,6.9
medium,70,6.6
medium,68,6.8
medium,78,9
medium,75,7.4
medium,53,6.6
medium,74,8.4
medium,54,6.2
medium,80,8.5
medium,78,6.5
medium,71,8.4
medium,47,7.1
medium,80,7.5
medium,58,7.6
medium,79,8.1
medium,77,8.1
medium,58,7.8
medium,46,3.6
medium,87,8.2
medium,73,6
medium,63,8.6
medium,77,7.9
medium,68,7.7
medium,73,8.4
medium,84,7.4
medium,77,8.8
medium,79,7.9
medium,56,8.6
medium,74,7.2
medium,46,4.6
medium,69,7.8
medium,65,7.5
medium,52,5.2
medium,80,7.7
medium,64,5.6
medium,77,7.3
medium,86,6.9
medium,67,7.1
medium,71,6.4
medium,93,8.7
medium,30,6.3
medium,53,6.7
medium,59,7.1
medium,57,6.2
medium,73,8
medium,85,8.2
medium,83,8.5
medium,42,3.8
medium,79,8.4
medium,53,7.4
medium,74,8.3
medium,65,6.5
medium,64,6.6
medium,78,7.3
medium,65,6.1
medium,78,8.6
medium,38,6.8
medium,75,7.1
medium,63,6.9
medium,69,6.7
medium,87,8.7
medium,57,6.2
medium,63,7.8
medium,70,7.5
medium,56,6.4
medium,64,7.4
medium,57,7.1
medium,57,6.8
medium,43,5.4
medium,70,7.4
medium,89,6.6
medium,51,7.5
medium,65,7.2
medium,59,6.1
medium,50,6.8
medium,53,6.1
medium,83,7.1
medium,74,4.7
medium,77,8
medium,80,7.7
medium,56,4.9
medium,39,5
medium,58,4.4
medium,63,6.3
medium,64,5.3
medium,43,8
medium,79,8.7
medium,51,8.6
medium,80,7.1
medium,73,8.8
medium,78,6.2
medium,57,6.5
medium,68,6.4
medium,48,7.3
medium,80,7.9
medium,76,5.5
medium,63,4.8
medium,63,7.6
medium,76,8.1
medium,71,7.8
medium,84,9.1
medium,83,8.6
medium,70,5
medium,42,5.5
medium,53,8.6
medium,56,6.9
medium,67,7.4
medium,64,4.2
medium,88,5.1
medium,78,7.7
medium,75,8
medium,80,7.7
medium,42,6.2
medium,58,8
medium,52,8.5
medium,51,6.1
medium,60,5.3
medium,68,7.1
medium,71,6.5
medium,75,7.4
medium,83,8
medium,77,4
medium,60,5.2
medium,64,5.4
medium,77,7.7
medium,53,6.3
medium,63,6.1
medium,77,7.9
medium,73,6.2
medium,70,7
medium,59,6.2
medium,68,7.1
medium,71,7.4
medium,53,5.2
medium,62,8.2
medium,87,8.3
medium,46,3.9
medium,75,7.7
medium,49,5.7
medium,85,9.1
medium,50,4.8
medium,57,7.9
medium,67,6.6
medium,63,7.8
medium,59,7.3
medium,65,7.4
medium,77,8.4
medium,43,2.7
medium,42,4.7
medium,53,5.5
medium,69,6.8
medium,51,5.4
medium,47,5
medium,80,4.3
medium,46,7.5
medium,65,6.2
medium,61,5.4
medium,56,8.2
medium,74,8.1
medium,62,6.4
medium,73,8.4
medium,63,8.2
medium,62,7.5
medium,76,7
medium,77,8.1
medium,66,6.5
medium,59,5.6
medium,85,9.1
medium,79,9.1
medium,68,5.8
medium,63,7.9
medium,68,6
medium,56,6.2
medium,85,8.8
medium,73,9.1
medium,64,7.5
medium,35,3.4
medium,47,7.2
medium,72,6.5
medium,88,7.5
medium,70,6.2
medium,90,7
medium,75,6.4
medium,84,8
medium,61,7.8
medium,69,6.2
medium,52,7.2
medium,58,7.8
medium,73,8.8
medium,27,5.1
medium,58,6.8
medium,81,8.6
medium,57,5
medium,66,7.7
medium,73,5.2
medium,59,5.7
medium,70,5.8
medium,57,5.6
medium,66,5.2
medium,74,8.3
medium,55,6.3
medium,74,6.8
medium,59,5.5
medium,82,8.2
medium,61,6.5
medium,82,7.8
medium,87,7.1
medium,71,7.4
medium,86,9
medium,71,8.4
medium,75,6.7
medium,77,7.5
medium,58,6.2
medium,73,8.5
medium,73,8.1
medium,87,8.2
medium,79,8.1
medium,55,7.9
medium,79,8.5
medium,79,6.7
medium,39,4.3
medium,63,4.9
medium,50,5.4
medium,62,7.3
medium,62,5.9
medium,59,6.7
medium,61,9.2
medium,64,7.9
medium,64,4.1
medium,51,7
medium,74,8.4
medium,72,7.8
medium,60,7.3
medium,58,7
medium,75,8.5
medium,78,5.4
medium,79,8.8
medium,77,7.8
medium,42,3.1
medium,58,7.2
medium,66,7
medium,54,6.1
medium,61,8
medium,61,5.6
medium,50,6.3
medium,77,9
medium,72,7.8
medium,68,7.6
medium,73,7.7
medium,69,7.3
medium,76,7
medium,47,5.2
medium,80,7.9
medium,70,5.4
medium,67,8.5
medium,61,8
medium,77,8.8
medium,81,7.8
medium,56,5.6
medium,19,4.3
medium,58,7
medium,53,5.8
medium,58,7
medium,66,7
medium,82,7.9
medium,49,5.6
medium,88,6.8
medium,69,8.3
medium,51,5.9
medium,67,7.8
medium,70,5.6
medium,78,8
medium,71,6.7
medium,60,7.9
medium,61,8.3
medium,61,6.8
medium,58,6.8
medium,72,5.4
medium,82,8.2
medium,60,7.1
medium,75,6.6
medium,72,8.8
medium,62,7.3
medium,61,6
medium,53,7.4
medium,70,7.8
medium,69,5
medium,63,6.2
medium,49,6
medium,47,2
medium,80,8
medium,43,4
medium,52,6.8
medium,63,8
medium,57,6.9
medium,66,8
medium,68,7.2
medium,82,8.2
medium,46,5.6
medium,76,8.6
medium,61,6.5
medium,56,8.5
medium,47,7.4
medium,69,7.7
medium,68,6.7
medium,76,7.5
medium,83,7.5
medium,25,3.8
medium,70,7
medium,60,8.6
medium,65,7.1
medium,67,7.7
medium,84,8.7
medium,85,7.7
medium,76,6.2
medium,84,7.2
medium,63,5.2
medium,71,6.4
medium,92,8.8
medium,73,7.5
medium,74,7
medium,68,7.6
medium,70,6.5
medium,26,4
medium,63,5.8
medium,75,8.1
medium,74,8.1
medium,83,7.8
medium,76,8.3
medium,78,8.2
medium,83,7.8
medium,65,8.4
medium,79,7
medium,60,6.4
medium,83,8.4
medium,67,7.6
medium,78,6.9
medium,63,8
medium,69,7.4
medium,80,8.7
medium,61,5
medium,43,4.8
medium,74,7
medium,37,6.4
medium,67,7.3
medium,81,8.9
medium,64,5.3
medium,85,8.2
medium,69,4.1
medium,38,2.9
medium,65,7.1
medium,53,6.8
medium,88,8.2
medium,55,6.8
medium,71,7.6
medium,74,7.1
medium,64,7.9
medium,76,8
medium,78,8.3
medium,40,4.7
medium,81,7.7
medium,28,2.4
medium,77,7.1
medium,53,6.6
medium,67,7.1
medium,68,8.6
medium,68,8.5
medium,80,7.9
medium,78,7.4
medium,89,7.8
medium,82,7.9
medium,82,7.8
medium,32,1.5
medium,79,6.6
medium,68,8.5
medium,54,5.5
medium,69,6.5
medium,61,7
medium,58,6.4
medium,55,6.9
medium,70,7.8
medium,61,5.5
medium,40,7.8
medium,57,4.8
medium,72,7.4
medium,71,8.2
medium,33,5.1
medium,68,8.6
medium,76,7.2
medium,52,5.7
medium,69,8.5
medium,87,5.3
medium,72,2.8
medium,67,8.5
medium,51,5.3
medium,62,6.8
medium,79,7.8
medium,63,7.3
medium,70,8.9
medium,70,7.5
medium,64,5.9
medium,75,7.6
medium,53,7.5
medium,57,6.2
medium,82,9.2
medium,72,7.2
medium,90,7.6
medium,67,7.6
medium,72,6.3
medium,52,7
medium,53,5.8
medium,51,5.3
medium,36,3.1
medium,36,3.7
medium,63,7.2
medium,73,7.3
medium,68,4.5
medium,87,8.2
medium,57,4.8
medium,65,7.3
medium,62,6.6
medium,82,9
medium,43,6.4
medium,75,9
medium,72,6
medium,68,7
medium,40,7.4
medium,86,7.7
medium,60,7.1
medium,64,5.9
medium,65,6.7
medium,58,6.1
medium,71,8.8
medium,66,6.1
medium,74,7.1
medium,53,7
medium,75,8.8
medium,71,7
medium,78,8
medium,63,7
medium,76,8.2
medium,77,8.1
medium,71,6.8
medium,50,5.6
medium,65,6.1
medium,59,7.5
medium,65,7.1
medium,80,7.9
medium,59,8
medium,78,6.6
medium,58,7.2
medium,85,7.9
medium,83,8.3
medium,53,7.4
medium,47,8.8
medium,73,7.5
medium,55,8.1
medium,51,2.1
medium,65,6.8
medium,76,7.9
medium,57,4
medium,70,8.2
medium,57,8
medium,63,7.8
medium,59,4.3
medium,58,6.5
medium,67,9.2
medium,75,8.5
medium,58,7.5
medium,68,4.4
medium,51,6.3
medium,76,8.9
medium,70,7.4
medium,81,8.8
medium,65,2.4
medium,69,7.3
medium,72,7.3
medium,61,7.3
medium,74,7.9
medium,57,6
medium,49,7
medium,53,5.9
medium,71,8.4
medium,63,5.9
medium,78,6.9
medium,71,7.6
medium,60,7.1
medium,49,2.6
medium,69,6.9
medium,52,4.9
medium,62,8.3
medium,74,7.9
medium,66,6.5
medium,56,6.4
medium,23,3
medium,66,8.4
medium,57,4.5
medium,60,7.5
medium,79,8.9
medium,82,7.1
medium,65,6
medium,43,5.3
medium,81,8.5
medium,84,6.1
medium,83,9
medium,63,7.5
medium,79,9
medium,64,6
medium,72,8.4
medium,74,8.1
medium,69,5.6
medium,64,7.8
medium,68,7
medium,61,4.4
medium,54,6.3
medium,73,7
medium,79,7.8
medium,62,8.5
medium,70,8.1
medium,82,7.9
medium,70,8.4
medium,61,7.3
medium,68,8.5
medium,65,8.6
medium,76,8.5
medium,58,8
medium,72,7.2
medium,80,7.5
medium,62,7.6
medium,67,8.8
medium,68,8
medium,47,4.1
medium,60,6.4
medium,72,7.6
medium,55,6.8
medium,78,7.5
medium,67,8.5
medium,61,6.5
medium,51,3.1
medium,74,8
medium,67,7.3
medium,59,5.6
medium,79,9.1
medium,59,6.8
medium,82,8.2
medium,68,8.1
medium,55,7.3
medium,76,9
medium,68,8.2
medium,74,5.3
medium,69,7.5
medium,74,7
medium,44,7
medium,79,8.5
medium,55,4.2
medium,81,6.8
medium,62,6.3
medium,69,7.7
medium,74,8.3
medium,65,6.4
medium,77,8.5
medium,65,7.4
medium,76,8.4
low,36,4.4
low,64,6.4
low,51,7.5
low,71,8.2
low,69,7.8
low,73,8.6
low,72,8.9
low,68,8.5
low,39,3.3
low,72,7.8
low,51,2.8
low,58,8.3
low,64,5.5
low,86,8.8
low,82,7.5
low,61,7.8
low,61,7.1
low,84,8.9
low,76,7.7
low,39,5.6
low,48,4.3
low,74,7.1
low,73,6.2
low,71,6.9
low,54,4.7
low,44,5.4
low,72,8.7
low,59,7.8
low,69,7
low,54,7.6
low,73,6.4
low,39,4.4
low,34,7
low,64,8.3
low,70,6.6
low,35,5.9
low,69,7.1
low,59,8.6
low,65,7.5
low,65,8.3
low,75,6.8
low,84,7.8
low,56,7.5
low,49,5.5
low,57,8.1
low,63,7.6
low,71,5.1
low,51,5.3
low,38,7.9
low,58,4.4
low,52,5.7
low,75,7.5
low,79,8.1
low,76,8.3
low,67,6.8
low,70,7.5
low,62,7.2
low,67,8
low,68,5.3
low,62,7.6
low,73,8
low,82,7.3
low,51,7.6
low,48,8.1
low,59,8.9
low,38,6
low,81,7.1
low,67,9
low,68,9.1
low,38,3
low,75,6.3
low,56,8.3
low,54,7.7
low,67,7.6
low,81,6.9
low,51,7
low,65,7.8
low,85,6.5
low,56,7.1
low,44,1.7
low,53,7.3
low,59,6.1
low,58,7.8
low,38,5.6
low,75,8
low,78,8.3
low,73,7
low,54,4.6
low,63,7.9
low,49,4.5
low,31,4.4
low,61,4
low,73,7.4
low,72,7
low,71,8.2
low,66,9.1
low,72,7.8
low,82,8.7
low,74,7.6
low,82,8.8
low,80,8.3
low,69,6.7
low,58,7
low,73,8.5
low,51,5.3
low,84,7.9
low,52,6.1
low,69,6.3
low,69,7.2
low,68,8.7
low,65,5.9
low,53,6.1
low,71,7.9
low,56,5.6
low,75,6.8
low,72,8.6
low,60,6.4
low,82,7.3
low,68,6.1
low,79,7.4
low,61,6.9
low,77,7.4
low,70,6.6
low,48,6.5
low,58,6
low,57,9.2
low,71,5.8
low,83,7.2
low,63,7.7
low,53,3.8
low,71,9.1
low,47,6.1
low,69,5.7
low,46,6.9
low,63,6.6
low,48,8.1
low,35,1.2
low,68,8
low,73,7.9
low,58,6.5
low,51,6.2
low,73,8.3
low,56,6
low,73,7.3
low,67,6.3
low,72,8.3
low,49,5.2
low,49,5.7
low,42,4.8
low,53,6
low,49,7.6
low,68,7
low,50,5
low,54,8.9
low,42,5
low,73,7.6
low,45,5
low,72,6
low,57,6
low,76,6.6
low,72,7.9
low,65,5.1
low,61,6.7
low,41,7.2
low,40,4.2
low,72,7
low,77,6
low,57,8
low,62,6.4
low,77,8.2
low,71,8.2
low,61,5.1
low,65,8.7
low,74,7.5
low,75,7.8
low,71,4.9
low,64,6.2
low,61,7.5
low,68,9
low,83,8.5
low,66,8.2
low,25,2.5
low,42,4.1
low,69,8.9
low,72,4.4
low,59,6.8
low,77,6.6
low,49,5.8
low,59,7.7
low,53,6.1
low,49,5.9
low,70,6.4
low,76,8.2
low,72,6.8
low,66,3.7
low,75,7
low,45,7.4
low,66,7.7
low,83,8.9
low,37,3.5
low,73,2.8
low,81,9.2
low,51,7
low,68,7.6
low,75,8.8
low,71,8.1
low,83,9
low,51,5.2
low,67,6.3
low,77,8.1
low,77,7.2
low,62,5.8
low,52,7.1
low,55,7.8
low,74,7.3
low,57,5.3
low,74,8.1
low,75,8.7
low,61,5.2
low,63,7.6
low,70,6.3
low,50,5.7
low,58,3.1
low,53,6.9
low,69,6.5
low,73,7.5
low,64,7.8
low,62,7
low,84,8.3
low,77,8.5
low,77,8.6
low,38,2.9
low,77,7.8
low,74,8.3
low,67,7.8
low,61,5.3
low,32,4.8
low,72,7.1
low,67,7.8
low,77,6.2
low,77,8.1
low,66,6.8
low,64,7.8
low,63,8
low,60,3.6
low,68,6.8
low,44,7.2
low,62,6.8
low,59,7.3
low,60,5
low,38,3.4
low,60,6.6
low,64,8.3
low,73,7.3
low,80,8
low,77,8.5
low,55,7.3
low,78,7.7
low,36,3.9
low,74,7.7
low,77,7.5
low,73,7
low,48,6.9
low,48,6.8
low,77,8.5
low,75,8
low,71,5.4
low,44,5.9
low,56,5.7
low,65,7.5
low,78,7.5
low,53,5.2
low,74,8.3
low,77,8.9
low,54,5.8
low,81,6.5
low,70,7.6
low,49,6.3
low,85,8.2
low,62,7.5
low,64,8.6
low,66,7.1
low,67,8.5
low,77,7.7
low,65,8.7
low,75,6.7
low,77,7.5
low,30,6.9
low,53,6.8
low,63,5.1
low,72,7.5
low,60,6.2
low,55,6.3
low,82,7.9
low,75,8.8
low,57,6.3
low,89,8.6
low,75,8.2
low,75,7
low,81,6.4
low,79,6.4
low,61,6.1
low,83,7.8
low,62,6
low,64,8.9
low,83,8.3
low,47,6.2
low,74,7.3
low,43,4.2
low,85,7.6
low,56,8
low,71,8.5
low,51,6.2
low,52,6.4
low,52,6.8
low,71,7.2
low,69,8.6
low,79,8.7
low,83,7.8
low,63,6.7
low,66,8.1
low,73,8.1
low,39,2.5
low,64,7.7
low,35,5
low,70,7.2
low,75,8.8
low,90,7.8
low,76,8.7
low,65,7
low,80,8.3
low,66,8.7
low,65,8.5
low,80,7.2
low,74,8
low,68,6
low,81,8.2
low,39,4.4
low,68,8.1
low,69,7.9
low,43,5.4
low,74,7.9
low,74,6
low,65,7.7
low,71,6.3
low,74,8.3
low,66,7.2
low,54,4.6
low,83,9.6
low,86,7.6
low,63,6.6
low,50,5.4
low,64,7.4
low,66,7.3
low,58,7.8
low,76,8.2
low,56,6.1
low,59,3
low,56,7.2
low,59,5
low,59,8
low,74,8.9
low,83,7.8
low,80,7.7
low,69,7.3
low,50,2.3
low,58,3.5
low,79,7.9
low,75,6.5
low,82,7.7
low,82,7.5
low,61,7.1
low,76,8
low,81,7.9
low,38,5.7
low,76,8.2
low,74,7.9
low,68,7.3
low,44,5.7
low,79,8.6
low,35,2
low,81,8.1
low,84,8.4
low,59,5.4
low,40,2.9
low,63,6.9
low,81,8.5
low,67,6.6
low,64,7.1
low,81,9.1
low,77,7
low,65,6.8
low,72,7.8
low,67,5.2
low,72,7.9
low,64,7.3
low,39,4.4
low,80,5.5
low,54,8
low,19,3.1
low,71,8.4
low,54,7.4
low,64,5.4
low,88,8
low,79,7.3
low,69,7.3
low,60,6
low,78,8.3
low,64,9.1
low,65,8.2
low,68,8.7
low,73,8
low,90,8.2
low,36,0.5
low,70,8.9
low,54,7.6
low,67,8
low,53,5
low,71,8.5
low,73,7.2
low,50,5.4
low,49,4.1
low,63,8.2
low,55,6.2
low,65,7.5
low,71,5.5
low,66,8.4
low,64,6.6
low,45,5.9
low,51,4.1
low,82,5.2
low,75,7.9
low,48,5.7
low,63,8
low,83,7.4
low,78,8.4
low,63,6.4
low,72,7.8
low,58,7.6
low,58,8.5
low,81,8.6
low,30,3
low,62,8.1
low,60,5.8
low,76,6.4
low,46,6.7
low,68,9.1
low,77,7.5
low,54,6.5
low,35,4.7
low,74,9.1
low,84,8.1
low,66,8.8
low,65,8
low,35,6.7
low,65,2.8
low,75,7.8
low,70,7.4
low,80,7.7
low,47,7.5
low,49,3.5
low,79,8.5
low,65,5.8
low,68,8.1
low,76,6.3
low,66,8.1
low,69,7
low,59,8
low,58,6.9
low,48,6.7
low,53,4
low,27,2.8
low,80,7.8
low,49,7.1
low,26,2.2
low,51,3.7
low,65,7
low,72,8.8
low,72,7.8
low,71,7.4
low,64,6.3
low,85,8.7
low,79,8.7
low,50,5.9
low,39,3.8
low,79,9
low,28,3.2
low,44,6
low,69,8.7
low,75,6.2
low,61,4.2
low,76,7.1
low,55,8.2
low,56,7.8
low,82,7.2
low,80,8.3
low,65,8.8
low,69,5.6
low,80,8.2
low,57,7.8
low,79,8.7
low,62,6.6
low,54,8.2
low,78,7.5
low,80,7.6
low,54,7.2
low,63,6
low,67,6.8
low,50,7.1
low,61,7.5
low,80,9.2
low,58,5.5
low,56,8.1
low,33,8
low,42,7.3
low,83,7.3
low,48,5.6
low,76,8.2
low,62,8.3
low,61,5.7
low,77,8.5
low,48,3.7
low,86,7.6
low,72,7.8
low,66,8.7
low,62,6.4
low,77,6.8
low,73,7.2
low,68,6.9
low,24,3.5
low,80,8.5
low,62,7
low,42,3.9
low,41,6.3
low,78,8.2
low,68,8
low,39,1.8
low,48,5.6
low,61,7.4
low,51,6.5
low,61,7
low,57,5
low,38,2.4
low,59,7.2
low,74,8.4
low,73,8.3
low,39,6.4
low,53,6.7
low,52,8.5
low,73,8.8
low,63,6.2
low,68,7.5
low,85,7
low,60,8.3
low,61,8.2
low,75,6.6
low,60,8.8
low,60,7.2
low,37,3
low,47,6.7
low,69,7.8
low,70,8.1
low,74,9.1
low,45,6.6
low,79,7.2
low,36,4.8
low,71,7.4
low,50,4.7
low,74,7.4
low,86,8
low,79,6.6
low,70,7.8
low,59,8
low,61,4.8
low,63,8.2
low,59,5.2
low,53,7
low,79,7.8
low,53,8.1
low,49,5
low,50,6.7
low,62,7.7
low,78,7
low,64,8.4
low,77,7.3
low,70,7.2
low,66,7.7
low,79,8.3
low,68,7.5
low,49,4.9
low,59,7
low,66,6.3
low,74,5.8
low,73,8.4
low,66,6.8
low,37,4.5
low,46,6.8
low,60,7.4
low,64,7.2
low,67,8.4
low,86,7.9
low,53,7.7
low,64,7.2
low,76,7.4
low,33,4.3
low,43,2
low,75,8.1
low,68,8.8
low,50,4
low,63,8
low,49,6
low,65,8.4
low,47,6.5
low,59,6.2
low,71,8.2
low,47,6.5
low,72,8.8
low,80,8.2
low,65,6.9
low,64,7.6
low,28,4.9
low,44,7.3
low,70,6.7
low,66,6
low,61,6.6
low,71,6.8
low,70,7.3
low,74,8.7
low,39,2.1
low,65,5.8
low,45,6.5
low,83,8.3
low,64,6.8
low,72,7.7
low,36,2.1
low,69,7.1
low,65,6.9
low,88,9
low,39,8.1
low,74,7.9
low,66,6.2
low,68,8.2
low,50,5
low,63,7.8
low,75,7.8
low,64,7.4
low,84,8.2
low,50,6.4
low,25,3.7
low,73,7.3
low,74,7
low,58,5.8
low,64,7.7
low,72,7
low,61,4.9
low,68,7.7
low,45,7.3
low,77,7.3
low,73,8.4
low,55,8
low,78,7.5
low,66,7.4
low,68,8.7
low,89,7.1
low,81,6.4
low,74,7.3
low,73,7.7
low,21,5
low,79,9.1
low,77,6
low,70,8.2
low,68,7.4
low,59,7.5
low,62,8.1
low,67,9
low,68,8.9
low,66,7.3
low,19,3.4
low,61,6.5
low,74,5.8
low,76,8.1
low,72,6.8
low,50,6.2
low,77,7.3
low,69,8.1
low,45,5.4
low,55,5.2
low,68,5.9
low,67,8.4
low,54,9.1
low,40,6.5
low,81,8.5
low,81,7.7
low,54,8.3
low,67,7.6
low,74,8.2
low,73,8.2
low,82,8.7
low,75,8.1
low,25,3.6
low,28,3.9
low,63,6.7
low,55,6.7
low,67,7.7
low,63,4.2
low,53,8
low,39,2
low,68,7.7
low,75,7.6
low,81,8.5
low,48,7.5
low,63,7.6
low,43,6.3
low,69,9
low,51,5.4
low,37,4.1
low,63,2.8
low,80,8.8
low,75,8.3
low,58,7.5
low,82,7.8
low,66,7
low,26,3.8
low,59,7.3
low,75,8.2
low,57,5.3
low,77,7.7
low,41,3.1
low,75,8.5
low,68,5.3
low,39,5.6
low,71,7.7
low,88,8.4
low,58,4.1
low,50,5
low,28,5.2
low,63,8
low,79,7
low,56,5
low,62,7.4
low,55,6.1
low,76,8.3
low,70,7
low,67,8.9
low,71,8.6
low,50,3.5
low,60,5.3
low,64,8
low,49,6.7
low,50,7.1
low,66,6.3
low,65,8.8
low,53,4.7
low,57,6.3
low,71,8.1
low,48,3.5
low,69,7.8
low,77,8.2
low,58,7.4
low,39,0.5
low,78,9.1
low,73,6.3
low,69,8.8
low,45,7.3
low,58,7.8
low,66,6.4
low,38,3.8
low,79,7.9
low,44,5.7
low,60,5.6
low,48,3.5
low,62,7.2
low,51,9
low,43,5.6
low,75,7
low,69,8
low,64,6.1
low,77,9.1
low,67,4.6
low,53,4.8
low,77,6.5
low,62,6.2
low,82,7.3
low,85,6.2
low,72,7.3
low,28,2.8
low,64,8.2
low,64,6.1
low,37,4.7
low,80,8.8
low,51,9
low,75,7.8
low,54,7.1
low,54,7.4
low,60,6.5
low,79,8.5
low,62,7.8
low,50,7.8
low,75,7.3
low,58,6.6
low,24,4.1
low,67,7.8
low,47,5.3
low,66,7.3
low,59,7.9
low,70,8.5
low,70,7.7
low,70,7.4
low,76,5.1
low,56,3.4
low,79,6.5
low,68,5.9
low,69,8.3
low,52,6.3
low,81,8.3
low,54,4
low,71,7.4
low,84,8.2
low,61,7.8
low,61,7.4
low,78,8.6
low,78,9.3
low,72,7
low,72,0.6
low,66,6
low,71,9
low,64,6.7
low,76,9.2
low,52,6.5
low,73,7.9
low,72,7.5
low,66,8.3
low,51,6.2
low,54,5.3
low,72,3.4
low,39,5.6
low,84,8.1
low,60,8
low,63,6.2
low,68,7.2
low,56,8.8
low,80,8.7
low,57,7.2
low,61,6.1
low,53,8.1
low,58,8.2
low,71,6.3
low,52,4.2
low,62,7.9
low,58,6.8
low,53,6.5
low,65,7
low,71,7.5
low,68,6.2
low,76,7.8
low,41,5.3
low,33,6.3
low,65,7.5
low,80,8
low,49,3.1
low,25,3.5
low,49,8
low,75,7.5
low,75,8.8
low,78,8.3
low,43,3.5
low,64,7.1
low,77,8.6
low,55,6.1
low,77,7.5
low,67,7.3
low,32,1.8
low,69,7.7
low,69,7.4
low,60,8.5
low,17,1.7
low,84,7.7
low,28,4.6
low,75,6.1
low,36,4.5
low,82,9.2
low,73,8.2
low,62,8
low,46,8
low,65,7.7
low,67,5.2
low,42,8.3
low,71,5.9
low,73,6.3
low,28,0.9
low,73,6.8
low,53,6
low,52,5.5
low,62,9.1
low,53,7.2
low,55,4.2
low,51,5.9
low,72,6.8
low,63,6.6
low,64,7.3
low,71,7.6
low,56,5.5
low,73,7.5
low,71,8.2
low,88,8.3
low,87,8.5
low,62,6.2
low,71,7.7
low,86,8.4
low,71,6.5
low,83,8.5
low,74,6.8
low,58,5.9
low,78,7.7
low,48,4.8
low,44,4.8
low,78,6
low,54,5
low,66,5.3
low,60,7
low,61,4.1
low,61,8.3
low,62,8.7
low,80,6.2
low,43,1.2
low,73,7.3
low,71,7.9
low,65,6.4
low,59,6.3
low,79,8.3
low,61,7.8
low,70,8
low,46,6.5
low,63,6.8
low,64,7.8
low,63,4.8
low,68,7.7
low,38,3.5
low,42,1
low,61,6.5
low,84,8.4
low,70,8.6
low,82,8.5
low,56,7
low,80,7.8
low,64,5.2
low,86,8.7
low,58,8.5
low,63,7.3
low,44,5.5
low,58,6.5
low,52,7
low,94,8.7
low,60,6.8
low,58,8
low,67,3.8
low,46,7.6
low,59,8.6
low,64,6
low,73,8.3
low,71,9.3
low,73,8.6
low,71,9
low,85,8.8
low,71,8.5
low,72,7
low,70,8.7
low,45,8.1
low,44,5.4
low,80,9
low,65,8.8
low,79,7.7
low,71,7.8
low,68,7.7
low,49,5.8
low,48,5
low,43,4.5
low,70,7.8
low,69,8.7
low,54,8.2
low,45,5.8
low,79,8.2
low,69,5.8
low,45,4.5
low,85,8.6
low,64,4.4
low,65,7.3
low,58,7.3
low,80,8.7
low,71,8.6
low,58,6.4
low,46,7
low,44,4.6
low,67,7.4
low,37,3.6
low,69,7.6
low,43,5.7
low,66,6.8
low,84,6.8
low,46,7.3
low,69,6.6
low,67,8.3
low,53,5.6
low,36,2.8
low,83,9.5
low,56,5.7
low,74,9.2
low,90,8.4
low,77,8.5
low,67,5.3
low,72,8.7
low,73,7.5
low,78,8.2
low,48,5.3
low,63,7.2
low,63,6.3
low,75,6
low,76,9.1
low,76,8
low,39,6.4
low,75,7.7
low,71,7.1
low,59,7.5
low,45,1.4
low,71,6.6
low,80,8.5
low,78,8.5
low,66,8.2
low,82,8
low,85,8.9
low,50,8
low,62,5.2
low,28,2.5
low,72,6.5
low,79,5.5
low,55,7
low,65,7.3
low,78,7.6
low,84,8.7
low,20,3.1
low,56,8.2
low,70,7.5
low,30,5.9
low,66,7.1
low,42,5.6
low,74,6.7
low,70,8.1
low,54,6.9
low,70,7
low,69,9
low,62,6.5
low,63,7.1
low,82,8.1
low,48,6.3
low,38,3.2
low,43,6.7
low,73,7.5
low,76,4.5
low,85,7.6
low,72,9.2
low,76,8.6
low,34,6.5
low,75,7.7
low,51,5
low,64,8.7
low,82,7.2
low,31,5
low,47,4.9
low,56,6.3
low,73,7.3
low,80,8.3
low,77,7.7
low,60,7.8
low,64,7.7
low,49,5
low,63,7.1
low,45,5.4
low,77,8.8
low,74,8.3
low,66,6.3
low,79,8.3
low,69,6.8
low,70,7.8
low,78,7.9
low,48,7.1
low,90,7.6
low,69,8.1
low,47,7.5
low,82,7.9
low,46,7.3
low,71,7.8
low,76,9.2
low,75,7.8
low,35,4.8
low,77,6.1
low,51,6
low,44,5.8
low,78,8.9
low,52,7
low,65,5.6
low,36,3.7
low,62,8
low,20,1.7
low,85,7.4
low,49,6.2
low,66,8.6
low,70,8.8
low,54,5.8
low,56,7.8
low,64,7.4
low,69,3
low,51,3.1
low,79,8.6
low,43,6.7
low,73,9
low,46,5.2
low,58,7.6
low,40,6.8
low,59,5.6
low,83,8.4
low,80,7.5
low,80,9.1
low,66,7.8
low,49,5.6
low,39,5.8
low,43,6.7
low,49,5.1
low,83,9
low,69,7.7
low,68,7.4
low,61,6.9
low,60,6.7
low,38,5.3
low,51,6.3
low,64,4.3
low,49,6.5
low,69,7.3
low,74,6.7
low,56,5.9
low,64,7
low,67,7.4
low,74,7.6
low,72,7.7
low,52,8.7
low,75,6.9
low,51,6
low,57,6.8
low,49,7
low,55,7.5
low,60,8.2
low,78,8
low,83,8.1
low,75,8
low,63,6.1
low,54,6
low,71,7.7
low,35,5.3
low,37,6.8
low,73,4.2
low,81,8.5
low,75,8
low,57,8.4
low,71,6.6
low,75,8.3
low,78,6.3
low,46,1.7
low,54,5.7
low,70,8.9
low,67,6.8
low,79,5.4
low,64,7.1
low,72,9
low,70,6.3
low,50,8.1
low,71,7.3
low,74,7.5
low,50,6.2
low,59,6.6
low,36,2.4
low,75,7.9
low,33,4.9
low,78,8.8
low,60,8
low,51,5.3
low,47,7
low,40,3.5
low,61,6
low,70,8.2
low,49,5.5
low,62,7.7
low,27,3.8
low,70,8.2
low,50,3.4
low,75,8.4
low,73,8.1
low,61,7
low,64,7
low,64,6
low,67,8.4
low,58,5.5
low,71,6.2
low,33,4.5
low,38,4.1
low,69,8.4
low,73,7.3
low,44,8.5
low,63,5.3
low,67,5
low,65,7.8
low,70,9
low,37,3.8
low,47,8.3
low,37,5.9
low,54,6.3
low,46,7
low,50,7.9
low,69,6.5
low,67,8.8
low,78,8.1
low,78,8.6
low,23,2.4
low,32,3.8
low,50,7
low,74,8.9
low,75,8
low,62,7.4
low,47,4.6
low,70,7.4
low,59,6
low,34,3.2
low,36,5.6
low,71,9
low,67,6.8
low,73,8
low,32,4.6
low,47,5.4
low,61,7.4
low,49,5.6
low,22,1.8
low,75,8.3
low,55,7.4
low,49,6.5
low,79,7.8
low,58,6.8
low,56,8.3
low,33,2.7
low,57,6.4
low,67,8.9
low,72,7.5
low,35,5.6
low,73,7.8
low,75,8.4
low,59,5.9
low,79,8.2
low,58,8
low,55,7.4
low,72,7.8
low,65,6.3
low,58,7.8
low,61,7.7
low,57,8.3
low,19,2.7
low,63,8.6
low,56,5.4
low,79,6.2
low,56,6
low,82,7.4
low,65,8.9
low,57,8.8
low,73,7.7
low,24,3.7
low,69,8.8
low,73,9
low,61,6
low,69,4.6
low,49,4.4
low,63,6.8
low,53,5.1
low,56,8.1
low,55,9.3
low,73,8.8
low,56,4.5
low,57,8.2
low,83,7.9
low,74,7.8
low,47,8.6
low,48,6.1
low,89,8.4
low,64,4.1
low,54,7.1
low,83,8.5
low,67,8
low,71,8
low,64,6
low,81,8.8
low,72,7.2
low,44,4.4
low,54,6.3
low,62,5
low,51,6.9
low,69,7.9
low,32,2.5
low,63,7.8
low,41,2.4
low,51,6.7
low,49,1.5
low,63,7
low,66,7.8
low,85,7.7
low,55,7
low,68,8.6
low,70,7.5
low,45,6.9
low,37,5
low,76,8.5
low,55,7.1
low,70,8.7
low,45,7.8
low,83,5.5
low,78,7.5
low,79,8
low,37,4.8
low,59,4.2
low,68,6.2
low,72,7.3
low,32,5.8
low,73,6.2
low,65,5.4
low,57,7.9
low,60,5.8
low,76,7.7
low,72,6.4
low,67,8.6
low,65,8
low,61,7.5
low,35,4.7
low,55,7.8
low,83,8.7
low,67,7.6
low,68,7.8
low,59,8
low,76,7.9
low,79,6.9
low,48,4.8
low,47,5.4
low,61,8
low,64,7.9
low,71,7.6
low,60,6.7
low,72,7.6
low,77,8.1
low,48,7.1
low,65,7.6
low,66,8.6
low,61,7
low,78,8.2
low,72,6.7
low,66,6.9
low,64,8.1
low,56,6.6
low,58,8.5
low,57,8.6
low,67,5.9
low,52,7.4
low,43,6.5
low,63,7
low,44,2.5
low,80,7.8
low,60,7.9
low,68,7.8
low,69,8.4
low,66,7.4
low,50,6.4
low,61,8
low,58,7.5
low,58,7
low,29,3.3
low,69,4.3
low,59,6.6
low,30,3.5
low,35,6.1
low,83,8.9
low,60,8.4
low,53,6.5
low,78,7.8
low,42,5
low,77,8.6
low,73,7.8
low,44,4.6
low,74,7.2
low,45,4.6
low,54,3.5
low,44,8.1
low,69,7.5
low,71,9
low,42,4.1
low,73,7.6
low,81,7.6
low,60,7.1
low,74,8.2
low,71,7.7
low,59,8.4
low,71,7.2
low,25,1.9
low,60,6.9
low,33,5.6
low,60,7.7
low,73,8.4
low,64,6.4
low,54,3.6
low,70,8.6
low,69,6.8
low,19,1.3
low,52,6.1
low,82,7.4
low,65,7.9
low,35,5.2
low,30,3.6
low,43,6.2
low,60,8.8
low,78,9.1
low,65,7.1
low,72,7.2
low,42,5.5
low,70,8.3
low,69,7.2
low,57,6
low,80,8.5
low,43,6
low,66,8
low,78,8.3
low,57,7.8
low,76,8.3
low,74,8.1
low,71,6.6
low,58,7.5
low,68,7.3
low,80,8.8
low,52,3.5
low,66,7.2
low,43,7.8
low,81,8.3
low,67,6.8
low,67,4.9
low,58,6.5
low,72,8.2
low,58,6
low,79,8.3
low,72,7.3
low,49,6.3
low,66,5.5
low,71,7.8
low,76,8
low,70,4.4
low,37,5.9
low,48,7.1
low,50,6.5
low,51,4.1
low,77,7.1
low,77,8.6
low,33,6.6
low,68,8.2
low,82,7.9
low,75,7.8
low,60,7
low,78,7.4
low,66,4.1
low,74,8.3
low,58,6.3
low,26,2.8
low,37,5.1
low,79,8.1
low,81,8.3
low,69,6.3
low,51,4.5
low,64,6
low,81,8.8
low,71,8.2
low,77,6.7
low,60,5.8
low,75,9.1
low,46,7.6
low,71,7.6
low,65,7.8
low,74,7.8
low,64,5.1
low,64,7.4
low,43,4.8
low,78,7.4
low,64,5.7
low,49,8.1
low,66,3.8
low,65,8.6
low,82,8
low,79,7.9
low,56,5.9
low,30,3.4
low,75,7.7
low,80,9.4
low,69,7.5
low,57,8.1
low,70,7.8
low,84,8.3
low,79,7.5
low,83,7.5
low,73,7.1
low,75,7.4
low,60,6.7
low,50,7.8
low,46,7.2
low,71,7.4
low,76,7.8
low,79,7.7
low,71,8.1
low,62,8.7
low,46,7
low,71,6.7
low,64,7.3
low,87,6.1
low,82,8.7
low,39,3
low,87,8.1
low,50,5.3
low,48,4.8
low,63,6.8
low,32,0.7
low,41,7.2
low,37,4.5
low,71,8
low,47,4.9
low,69,7
low,34,1.7
low,75,8.4
low,60,2.7
low,38,6.2
low,70,9.3
low,58,6.9
low,62,5.3
low,63,6.3
low,58,6.3
low,39,5.9
low,67,6.6
low,60,7
low,71,8.1
low,48,6.2
low,77,8.3
low,64,8.3
low,35,4.8
low,80,6.8
low,72,8.9
low,78,8.5
low,66,7
low,69,7.7
low,55,6
low,73,7.3
low,71,8.2
low,37,7.8
low,35,5.8
low,82,8.5
low,74,8.8
low,67,7.6
low,80,8.1
low,43,7.5
low,67,8.2
low,60,6.1
low,47,5
low,68,6.3
low,43,8.3
low,42,4.5
low,66,7.7
low,81,8.9
low,38,1.7
low,72,7
low,74,8.3
low,70,6.9
low,59,6.2
low,61,8.6
low,75,7.3
low,13,1
low,46,5.8
low,45,5.6
low,42,7.1
low,37,6.3
low,70,8.6
low,64,6.8
low,41,4
low,75,8.4
low,59,5.5
low,65,5.7
low,62,4.9
low,78,7.2
low,66,5.8
low,72,8.3
low,66,6.9
low,65,7.8
low,84,7.7
low,47,5.7
low,69,9.2
low,31,5
low,53,8.5
low,67,6.1
low,67,7.5
low,52,2.8
low,68,8.5
low,62,6.7
low,78,6.6
low,59,5.1
low,50,7.7
low,50,8.3
low,34,2.2
low,73,8.8
low,72,8
low,86,7.4
low,42,2.2
low,51,7.4
low,72,7.7
low,80,7.5
low,71,7.2
low,75,8.5
low,60,8.8
low,74,6.6
low,49,6.3
low,39,7.4
low,69,7.9
low,68,7.3
low,69,6.4
low,74,7.4
low,71,6.2
low,53,8.8
low,50,4.8
low,52,5.8
low,44,6.9
low,64,6.9
low,74,8.2
low,68,6.3
low,68,8.3
low,82,8.1
low,45,6.5
low,37,4.6
low,67,8.2
low,55,8
low,66,8.4
low,75,8
low,66,6.8
low,68,7.4
low,71,8.9
low,73,7.5
low,53,5.1
low,67,9
low,63,6
low,84,8
low,70,8
low,77,6.9
low,75,8
low,73,9
low,60,6.5
low,32,4
low,62,7.8
low,48,8.7
low,67,7.8
low,41,8
low,66,4.9
low,61,7.4
low,74,7.7
low,59,7.5
low,71,7
low,57,6.9
low,45,5.7
low,70,6.4
low,69,7.1
low,48,4.9
low,62,6.2
low,60,7.2
low,31,5.4
low,65,7.8
low,80,8
low,56,5.8
low,58,6.1
low,88,8.8
low,80,7.3
low,64,5.4
low,54,8.8
low,76,7.3
low,67,7
low,61,7.9
low,78,7.6
low,52,5.2
low,66,7.8
low,56,5.8
low,71,7.1
low,78,9.3
low,79,7.8
low,55,6.5
low,74,8.1
low,62,7.5
low,35,8
low,48,4.2
low,78,8.9
low,75,7.5
low,83,7.7
low,44,7.2
low,70,7
low,81,8.5
low,44,8.6
low,48,4.6
low,88,8.4
low,47,8.2
low,71,8.7
low,39,4.5
low,66,4.5
low,77,6.9
low,78,7.8
low,64,7.9
low,58,3.5
low,83,8.6
low,62,8.5
low,59,6
low,82,6.6
low,74,9.3
low,76,6.5
low,75,7.7
low,68,7.4
low,63,6.1
low,53,6.7
low,68,9.3
low,33,2.5
low,59,6.6
low,57,7.8
low,72,7.4
low,62,7.3
low,67,6.2
low,52,5.3
low,45,7.3
low,62,6.4
low,26,3.7
low,51,7.2
low,60,8
low,70,8
low,48,5.5
low,51,6
low,58,7.1
low,56,7.7
low,71,9.2
low,30,4.2
low,76,6.9
low,65,5.3
low,40,5.4
low,51,7.6
low,62,6.5
low,35,4
low,39,2.2
low,59,7.1
low,62,8.3
low,62,6.4
low,52,7.9
low,73,7.4
low,78,8.3
low,77,8.1
low,62,9.1
low,81,9
low,59,8.6
low,31,4.5
low,54,7.4
low,48,5.5
low,40,7
low,53,4.5
low,46,7.7
low,58,6.5
low,57,7.7
low,57,6
low,19,2.8
low,55,4.7
low,63,6.5
low,58,5.8
low,58,5.3
low,65,7.3
low,63,6.2
low,59,6.8
low,33,2.8
low,52,7.1
low,57,7
low,66,6.8
low,79,8.5
low,38,3.6
low,40,5.8
low,74,7.5
low,26,2.4
low,69,7.9
low,65,8.8
low,67,6.8
low,55,4.2
low,62,8.8
low,78,8.4
low,70,7.5
low,54,5.7
low,64,7.6
low,65,6.6
low,62,7.3
low,72,8.6
low,77,8.3
low,82,7.9
low,46,4
low,74,8.2
low,84,8
low,40,4.3
low,43,4.8
low,48,2
low,30,3.6
low,50,5
low,75,6.9
low,55,8
low,53,7.6
low,67,7.4
low,24,2.8
low,63,6.8
low,71,8.5
low,42,7
low,62,6.5
low,45,2
low,64,8.8
low,42,4
low,45,7.5
low,49,6
low,77,7.2
low,36,4
low,57,6.7
low,33,7
low,35,8.7
low,58,8.7
low,60,6.8
low,44,6
low,67,7.9
low,74,7.4
low,63,6.7
low,67,7.6
low,49,5.2
low,72,5.8
low,66,6.2
low,77,8.4
low,73,6.9
low,26,2.7
low,75,8.1
low,80,7.9
low,45,7.3
low,61,7.8
low,69,3
low,79,9.4
low,83,5.5
low,75,8.1
low,80,8.1
low,75,8.5
low,77,8.2
low,56,3.1
low,66,7.5
low,41,4.3
low,53,6.3
low,67,7.1
low,70,7.4
low,70,9.2
low,69,7
low,61,7.5
low,69,4.8
low,42,2.3
low,56,5.5
low,70,6.8
low,69,7.5
low,82,8.3
low,61,7.9
low,55,7.9
low,51,5.5
low,78,9.5
low,69,7.9
low,64,6.8
low,65,6
low,49,2.1
low,81,9.5
low,63,8.2
low,81,8.5
low,74,6.7
low,46,2.4
low,81,8.8
